school,school_attr,school_type,province
北方民族大学,中央部委高校|省部共建大学|新工科研究与实践项目|丝绸之路大学联盟成员,民族类,宁夏
北方民族大学,中央部委高校|省部共建大学|新工科研究与实践项目|丝绸之路大学联盟成员,民族类,宁夏
涉外办学,未知,未知,北京
宁波大学,浙江省首批重点建设大学（2000、2015）|国家海洋局与宁波市共建高校（2011）|浙江省、教育部、宁波市共建高校（2012）|“双一流”世界一流学科建设高校（2017）,综合,浙江
青岛大学,省属重点大学 |卓越工程师教育培养计划（2011年） |卓越医生教育培养计划（2012年）|山东特色名校工程（2013年） ,综合类,山东
上海应用技术大学,未知,综合类（应用型大学）,上海
桂林理工大学,中西部高校基础能力建设工程|卓越工程师教育培养计划 |深化创新创业教育改革示范高校[7] |新工科研究与实践项目[8] |卓越工程师教育培养计划2.0,理工类,广西
兰州大学,985工程|211工程|双一流（世界一流大学A类建设高校）|珠峰计划|2011计划,综合,甘肃
中国地震局地壳应力研究所,未知,公益类非盈利性科研单位,北京
首都师范大学,双一流（世界一流学科建设高校）（2017年）|卓越教师培养计划（2014年） |省部共建大学（2014年）,师范（综合类）,北京
卫生部北京老年医学研究所,未知,未知,北京
黑龙江省科学院,未知,未知,黑龙江
济南大学,省部共建大学|卓越工程师教育培养计划（2010年）|山东省首批应用型人才培养特色名校（2011年）|国家级工程实践教育中心共建高校（2012年）|111计划（2017年）,综合,山东
河北大学,中西部高校综合实力提升工程|部省合作共建高校 |卓越工程师教育培养计划 |卓越法律人才教育培养计划 |中西部高校基础能力建设工程,综合,河北
江西理工大学,卓越工程师教育培养计划（2011）|省部共建大学（2013） |中西部高校基础能力建设工程（二期）（2016）|江西省一流学科建设高校（2017）[1] |省属重点大学,理工类院校,江西
重庆科技学院,省部共建高校[7] |卓越工程师教育培养计划（2011年）[8] |全国应用技术大学（学院）联盟副理事长单位|数据中国“百校工程”,"理工
[6]",重庆
盐城工学院,省属本科院校|卓越工程师教育培养计划,工科,江苏
长春大学,省属综合性大学|全国深化创新创业教育改革示范高校（2017年）,综合,吉林
河北大学,中西部高校综合实力提升工程|部省合作共建高校 |卓越工程师教育培养计划 |卓越法律人才教育培养计划 |中西部高校基础能力建设工程,综合,河北
山东财经大学,财政部、教育部和山东省人民政府共建高校|山东省“省部共建人才培养特色名校立项建设单位（2013年）|山东省重点大学,财经,山东
中科院大连化学物理研究所,未知,未知,辽宁
佛山科学技术学院,广东省高水平理工科大学（2015年入选）,理工类,广东
辽宁工程技术大学,全国重点大学|省部共建大学|卓越工程师教育培养计划|中西部高校基础能力建设工程|国家大学生创新性实验计划,理工,辽宁
山东工商学院,山东特色名校工程（2013年）,财经类,山东
上海财经大学,世界一流学科建设高校|985工程优势学科创新平台|211工程|卓越法律人才教育培养计划|111计划,财经,上海
宝鸡文理学院,省“国内一流学科建设高校”（2018年）,综合,陕西
安徽师范大学,省部共建高校 |中西部高校基础能力建设工程 |省属重点大学 |安徽省高等教育振兴计划 |卓越教师培养计划 ,师范（综合）,安徽
辽宁工程技术大学,全国重点大学|省部共建大学|卓越工程师教育培养计划|中西部高校基础能力建设工程|国家大学生创新性实验计划,理工,辽宁
厦门大学,双一流（2017年）|211工程（1997年）|985工程（2001年）|111计划（2006年） |2011计划（2014年）,综合类,福建
福建师范大学,福建省重点建设高校（2003） |福建省人民政府与教育部共建高校（2012） |福建省重点建设高水平大学（2014） |福建省一流大学建设高校（2018）|2011计划,师范类,福建
西南科技大学,省部共建高校|西部重点建设十四所高校|四川省“双一流”建设计划|中西部高校基础能力建设工程|新工科研究与实践项目[7] ,理工,四川
中科院大连化学物理研究所,未知,未知,辽宁
中国计量科学研究院,未知,未知,北京
华南农业大学,全国重点大学（1979年入选）|省部共建大学（广东省人民政府和农业农村部共建）|卓越农林人才教育培养计划（2014年10月入选）|广东省“211工程” |广东省高水平大学（2015入选）,农林类,广东
辽宁科技大学,辽宁省一流大学重点建设高校（2017年）|教育部卓越工程师教育培养计划高校（2011年）|省属重点本科高校,理工,辽宁
首都师范大学,双一流（世界一流学科建设高校）（2017年）|卓越教师培养计划（2014年） |省部共建大学（2014年）,师范（综合类）,北京
武汉轻工大学,国家粮食和物资储备局与湖北省人民政府共建高校（2018）|湖北省国内一流学科建设高校（2018）|第一批卓越农林人才教育培养计划（2014）,理工,湖北
浙江农林大学,111计划|浙江省第二批重点建设高校 |卓越农林人才教育培养计划[3] |省部共建高校（国家林业局和浙江省人民政府）,农林类,浙江
哈尔滨工程大学,未知,理工类,黑龙江
西京学院,省一流民办高校,理工,陕西
安徽理工大学,安徽省重点建设的特色高水平大学 |安徽省和国家安全生产监督管理总局共建高校（2014年）|国家中西部高校基础能力建设工程支持建设高校（2013年）|教育部“卓越工程师教育培养计划”实施高校（2011年）|首批“新工科”研究与实践项目入选高校（2018）,理工,安徽
浙江理工大学,省属重点建设大学 |卓越工程师教育培养计划|新工科研究与实践项目,理工类,浙江
江西师范大学,全日制普通本科院校 |江西省人民政府、教育部共建高校（2012）|中西部高校基础能力建设工程（2012）|江西省一流学科建设高校（2017）[2] |省属重点大学,师范类院校（综合）,江西
北京石油化工学院,全日制普通高等本科院校|教育部CDIO工程教育改革试点高校（2007年）|教育部首批“卓越工程师教育培养计划”试点高校（2010年）|高水平运动员招生资格高校（2015年）|北京市深化创新创业教育改革示范高校（2017年）,理工,北京
渤海大学,普通本科院校,综合类大学,辽宁
中国航天科技集团公司九院704所,未知,未知,北京
北京化工研究院,未知,未知,北京
武汉体育学院,省属高等院校,体育,湖北
武汉数字工程研究所,未知,未知,湖北
江西理工大学,卓越工程师教育培养计划（2011）|省部共建大学（2013） |中西部高校基础能力建设工程（二期）（2016）|江西省一流学科建设高校（2017）[1] |省属重点大学,理工类院校,江西
华南师范大学,211工程|省属高水平大学|省部共建高校|双一流（世界一流学科建设高校）|国防生,师范类,广东
中国航天科技集团公司九院772所,未知,未知,北京
北京物资学院,全日制普通本科院校,财经,北京
浙江农林大学,111计划|浙江省第二批重点建设高校 |卓越农林人才教育培养计划[3] |省部共建高校（国家林业局和浙江省人民政府）,农林类,浙江
安徽工程大学,全日制普通高等学校|安徽省高校综合改革首批试点院校（2015）|安徽省系统推进全面创新改革试验高校创新自主权改革试点单位（2016）|教育部新工科研究与实践项目（2018）|卓越农林人才教育培养计划（2014）,理工,安徽
河北工程大学,省属重点大学 |省部共建大学 |中西部高校基础能力建设工程 |卓越工程师教育培养计划 |CDIO,理工,河北
福建师范大学,福建省重点建设高校（2003） |福建省人民政府与教育部共建高校（2012） |福建省重点建设高水平大学（2014） |福建省一流大学建设高校（2018）|2011计划,师范类,福建
中北大学,中国航天科技教育联盟(2019)|B8协同创新联盟(2018)|卓越工程师教育培养计划2.0（2018）|中西部高校基础能力建设工程(2013)|卓越工程师教育培养计划(2011),综合,山西
中科院地质与地球物理研究所,未知,未知,北京
中科院云南天文台,未知,未知,云南
内蒙古农业大学,中西部高校基础能力建设工程[2] |卓越农林人才教育培养计划[2] |省部共建大学[2] ,农业类,内蒙古
北京石油化工学院,全日制普通高等本科院校|教育部CDIO工程教育改革试点高校（2007年）|教育部首批“卓越工程师教育培养计划”试点高校（2010年）|高水平运动员招生资格高校（2015年）|北京市深化创新创业教育改革示范高校（2017年）,理工,北京
宁波大学,浙江省首批重点建设大学（2000、2015）|国家海洋局与宁波市共建高校（2011）|浙江省、教育部、宁波市共建高校（2012）|“双一流”世界一流学科建设高校（2017）,综合,浙江
上海应用技术大学,未知,综合类（应用型大学）,上海
阜阳师范大学,未知,师范类,安徽
渤海大学,普通本科院校,综合类大学,辽宁
中国人民大学,211工程（1996年） |985工程（2003年）|世界一流大学建设高校A类（2017年）|卓越法律人才教育培养计划（2012年）|卓越农林人才教育培养计划（2014年） ,综合,北京
渤海大学,普通本科院校,综合类大学,辽宁
华南农业大学,全国重点大学（1979年入选）|省部共建大学（广东省人民政府和农业农村部共建）|卓越农林人才教育培养计划（2014年10月入选）|广东省“211工程” |广东省高水平大学（2015入选）,农林类,广东
大连海洋大学,省部共建大学|卓越农林人才教育培养计划（2014年10月入选）|辽宁省一流大学重点建设高校（2017年1月入选）,农林类,辽宁
北京工商大学,未知,综合,北京
湖南工业大学,国家工商行政管理总局与湖南省共建高校（2018年）|服务国家特殊需求博士人才培养项目（2013年）|湖南省2011计划（2014年）[3] |湖南省国内一流学科建设高校（2018年）[10] ,理工类,湖南
河南理工大学,省属重点本科高校 |省部共建高校（2011年入选） |卓越工程师教育培养计划（2011年入选）|中西部高校基础能力建设工程（2012年入选） |新工科研究与实践项目（2018年入选） ,理工类,河南
河北经贸大学,河北省重点骨干大学|河北省国家一流大学建设二层次高校（2016年）,财经,河北
宁波大学,浙江省首批重点建设大学（2000、2015）|国家海洋局与宁波市共建高校（2011）|浙江省、教育部、宁波市共建高校（2012）|“双一流”世界一流学科建设高校（2017）,综合,浙江
辽宁工程技术大学,全国重点大学|省部共建大学|卓越工程师教育培养计划|中西部高校基础能力建设工程|国家大学生创新性实验计划,理工,辽宁
大连海洋大学,省部共建大学|卓越农林人才教育培养计划（2014年10月入选）|辽宁省一流大学重点建设高校（2017年1月入选）,农林类,辽宁
长江大学,省属重点本科高校|省部共建高校（2012年）|中西部高校基础能力建设工程（2012年）|卓越工程师教育培养计划（2012年）|卓越农林人才教育培养计划（2014年）,综合类,湖北
西京学院,省一流民办高校,理工,北京
福建农林大学,福建省重点建设高校（2003年）|农业部与福建省人民政府共建大学（2011）|国家林业局与福建省人民政府共建大学（2012）|福建省高水平大学建设高校（2014）|福建省一流大学建设高校（2018）,农林,福建
牡丹江师范学院,省属本科院校,师范（综合型）,黑龙江
牡丹江师范学院,省属本科院校,师范（综合型）,黑龙江
广西医科大学,111计划[4] |中西部高校基础能力建设工程|省属重点大学,医药,广西
大连大学,卓越教师培养计划（2014）,综合,辽宁
湖北工业大学,省属重点大学|卓越工程师教育培养计划（2011年）|中西部高校基础能力建设工程（2012年）|卓越教师培养计划（2014年）|111计划（2017年）,理工,湖北
福建农林大学,福建省重点建设高校（2003年）|农业部与福建省人民政府共建大学（2011）|国家林业局与福建省人民政府共建大学（2012）|福建省高水平大学建设高校（2014）|福建省一流大学建设高校（2018）,农林,福建
武汉科技大学,全日制普通高等学校|省部共建高校（2013年）|国家中西部高校基础能力建设工程（2016年）|湖北省“双一流”建设高校（2018年）,理工,湖北
南昌航空大学,江西省人民政府与国家国防科技工业局共建高校（2010） |卓越工程师教育培养计划（2011）,理工类院校,江西
南昌航空大学,江西省人民政府与国家国防科技工业局共建高校（2010） |卓越工程师教育培养计划（2011）,理工类院校,江西
南昌航空大学,江西省人民政府与国家国防科技工业局共建高校（2010） |卓越工程师教育培养计划（2011）,理工类院校,江西
南昌航空大学,江西省人民政府与国家国防科技工业局共建高校（2010） |卓越工程师教育培养计划（2011）,理工类院校,江西
南昌航空大学,江西省人民政府与国家国防科技工业局共建高校（2010） |卓越工程师教育培养计划（2011）,理工类院校,江西
河北师范大学,省部共建大学（河北省人民政府与教育部共建） |中西部高校基础能力建设工程（2012年）|河北省“双一流”建设一层次高校 （2016年9月）|省属重点大学（1983年）|中西部高校基础能力建设工程（2012年）,师范类,河北
西安科技大学,省部共建高校|陕西省省属高水平大学|中西部高校基础能力建设工程 |卓越工程师教育培养计划|国家建设高水平大学公派研究生项目,理工,陕西
华东交通大学,省属重点本科高校|省部共建大学 |卓越工程师教育培养计划（2011年入选）|中西部高校基础能力建设工程（2016年入选） ,理工类,江西
右江民族医学院,全日制普通高等院校,医药类,广西
南昌航空大学,江西省人民政府与国家国防科技工业局共建高校（2010） |卓越工程师教育培养计划（2011）,理工类院校,江西
国家海洋局第二海洋研究所,未知,未知,北京
中科院近代物理研究所,未知,未知,甘肃
中共浙江省委党校,未知,未知,浙江
中国航空研究院626所,未知,未知,黑龙江
中科院成都有机化学研究所,未知,未知,四川
中国地震局地震研究所,未知,未知,北京
北京有色金属研究总院,未知,中央企业,北京
南昌航空大学,江西省人民政府与国家国防科技工业局共建高校（2010） |卓越工程师教育培养计划（2011）,理工类院校,江西
浙江海洋大学,省部共建高校 |卓越农林人才教育培养计划高校 |浙江省国际化特色高校|浙江省一流学科建设高校|浙江省重点建设高校[2] ,"农林
[7]",浙江
温州医科大学,卓越医生教育培养计划（2012年11月） |111计划（2016年9月） |省部共建高校（国家卫生健康委员会、教育部和浙江省人民政府共建）,医药类,浙江
宁波大学,浙江省首批重点建设大学（2000、2015）|国家海洋局与宁波市共建高校（2011）|浙江省、教育部、宁波市共建高校（2012）|“双一流”世界一流学科建设高校（2017）,综合,浙江
宁波大学,浙江省首批重点建设大学（2000、2015）|国家海洋局与宁波市共建高校（2011）|浙江省、教育部、宁波市共建高校（2012）|“双一流”世界一流学科建设高校（2017）,综合,浙江
常州大学,省属重点本科高校|省部共建大学,理工类,江苏
华南农业大学,全国重点大学（1979年入选）|省部共建大学（广东省人民政府和农业农村部共建）|卓越农林人才教育培养计划（2014年10月入选）|广东省“211工程” |广东省高水平大学（2015入选）,农林类,广东
天津职业技术师范大学,省部共建高校|卓越教师培养计划,师范,天津
南宁师范大学,未知,师范类,广西
云南师范大学,省部共建大学（云南省人民政府，教育部共建） |中西部高校基础能力建设工程 |卓越教师培养计划 |省属重点大学 |教育部来华留学示范基地,师范类,云南
中国计量大学,全日制普通本科院校|省部共建大学（2017年）|卓越工程师教育培养计划（2011年）|新工科研究与实践项目|国家级大学生创新创业训练计划,理工,浙江
武汉轻工大学,国家粮食和物资储备局与湖北省人民政府共建高校（2018）|湖北省国内一流学科建设高校（2018）|第一批卓越农林人才教育培养计划（2014）,理工,湖北
武汉轻工大学,国家粮食和物资储备局与湖北省人民政府共建高校（2018）|湖北省国内一流学科建设高校（2018）|第一批卓越农林人才教育培养计划（2014）,理工,湖北
浙江海洋大学,省部共建高校 |卓越农林人才教育培养计划高校 |浙江省国际化特色高校|浙江省一流学科建设高校|浙江省重点建设高校[2] ,"农林
[7]",浙江
北京工商大学,未知,综合,北京
安徽医科大学,省部共建大学 |卓越医生教育培养计划 |国家“特色重点学科项目”建设高校 |安徽省属重点大学 |安徽省高等教育振兴计划 ,医药,安徽
天津理工大学,卓越工程师教育培养计划高校（2011）|高等学校学科创新引智计划（2017）|新工科研究与实践项目（2018）,理工,天津
天津理工大学,卓越工程师教育培养计划高校（2011）|高等学校学科创新引智计划（2017）|新工科研究与实践项目（2018）,理工,天津
武汉纺织大学,教育部“卓越工程师教育培养计划”重点建设高校（2011年）|中西部高校基础能力建设工程”重点建设高校（2012年）,理工,湖北
中国药科大学,世界一流学科建设高校|211工程、985平台|教育部直属高校|111计划|卓越工程师教育培养计划 ,医药类,江苏
河北大学,中西部高校综合实力提升工程|部省合作共建高校 |卓越工程师教育培养计划 |卓越法律人才教育培养计划 |中西部高校基础能力建设工程,综合,河北
深圳大学,广东省高水平大学重点建设高校（2018）|深化创新创业教育改革示范高校,综合,广东
广州大学,中小学教师国家级培训计划|广州市高水平大学建设高校,综合,广东
江苏海洋大学,未知,理工,江苏
温州大学,未知,综合类,浙江
五邑大学,全日制普通本科院校|省市共建本科高校（2016年入选）|广东省高水平理工科大学建设高校（2017年入选）,综合,广东
长春工业大学,卓越工程师教育培养计划[4] |中西部高校基础能力建设工程(二期)[1] |新工科研究与实践项目[5] |吉林省特色高水平应用研究型大学建设项目[6] ,理工,吉林
华北理工大学,未知,综合,河北
宝鸡文理学院,省“国内一流学科建设高校”（2018年）,综合,陕西
宝鸡文理学院,省“国内一流学科建设高校”（2018年）,综合,陕西
宝鸡文理学院,省“国内一流学科建设高校”（2018年）,综合,陕西
东北林业大学,双一流（世界一流学科建设高校）（2017年入选）|全国重点大学|省部共建高校|211工程（2005年入选）|985工程优势学科创新平台（2011年入选）,林业类,黑龙江
南京林业大学,省部共建大学（2000年） |省属重点大学 |卓越农林人才教育培养计划（2014年） |特色重点学科项目（2010年） |世界一流学科建设高校（2017年）,农林,江苏
上海师范大学,上海市教育综合改革部市共同支持高校 |教育部卓越教师培养计划实施院校|中国政府奖学金来华留学生接收院校 |高等学校学科创新引智计划（111计划）|上海市重点建设大学,师范（综合）,上海
江西科技师范大学,未知,师范类院校,江西
重庆科技学院,省部共建高校[7] |卓越工程师教育培养计划（2011年）[8] |全国应用技术大学（学院）联盟副理事长单位|数据中国“百校工程”,"理工
[6]",重庆
武汉轻工大学,国家粮食和物资储备局与湖北省人民政府共建高校（2018）|湖北省国内一流学科建设高校（2018）|第一批卓越农林人才教育培养计划（2014）,理工,湖北
南京邮电大学,双一流（世界一流学科建设高校）[7] |2011计划|111计划[8] |卓越工程师教育培养计划|江苏高水平大学建设高校[2] ,综合,江苏
浙江理工大学,省属重点建设大学 |卓越工程师教育培养计划|新工科研究与实践项目,理工类,浙江
重庆科技学院,省部共建高校[7] |卓越工程师教育培养计划（2011年）[8] |全国应用技术大学（学院）联盟副理事长单位|数据中国“百校工程”,"理工
[6]",重庆
南宁师范大学,未知,师范类,广西
沈阳体育学院,全日制普通高等学校|省部共建高校|辽宁省一流大学重点建设高校,体育,辽宁
温州大学,未知,综合类,浙江
天津科技大学,卓越工程师教育培养计划（2011年）|省属重点大学|特色重点学科项目（2012年）|新工科研究与实践项目（2018年）,理工,天津
大连交通大学,未知,理工,辽宁
五邑大学,全日制普通本科院校|省市共建本科高校（2016年入选）|广东省高水平理工科大学建设高校（2017年入选）,综合,广东
江苏大学,全国重点大学|省属重点大学|卓越工程师教育培养计划|省部共建大学[3] |卓越工程师教育培养计划2.0,综合、研究教学型大学,江苏
东北石油大学,全国重点大学（1978年）|省部共建大学（2010年）|卓越工程师教育培养计划实施高校（2011年）|国家大学生创新性实验计划实施高校 （2008年）|特色重点学科项目建设高校（2010年）,理工类,黑龙江
东北石油大学,全国重点大学（1978年）|省部共建大学（2010年）|卓越工程师教育培养计划实施高校（2011年）|国家大学生创新性实验计划实施高校 （2008年）|特色重点学科项目建设高校（2010年）,理工类,黑龙江
东北石油大学,全国重点大学（1978年）|省部共建大学（2010年）|卓越工程师教育培养计划实施高校（2011年）|国家大学生创新性实验计划实施高校 （2008年）|特色重点学科项目建设高校（2010年）,理工类,黑龙江
安徽大学,211工程|省部共建高校|“双一流”世界一流学科建设高校|卓越法律人才教育培养计划 |中国政府奖学金来华留学生接收院校,综合,安徽
河南工业大学,省部共建高校（2010年）[1] |2011计划（2013年）|中西部高校基础能力建设工程（2012年）|卓越工程师教育培养计划（2011年）|卓越农林人才教育培养计划（2014年）,理工,河南
长沙理工大学,中西部高校基础能力建设工程（2012年入选）|省属重点大学  |省部共建大学|卓越工程师教育培养计划 |湖南省“双一流”A类建设高校（2018年入选）[1] ,理工类,湖南
哈尔滨商业大学,省属重点本科高校|中西部高校基础能力建设工程,财经,黑龙江
重庆大学,985工程（1999年）|211工程（1996年）|世界一流大学建设高校（A类）（2017年）|全国重点大学（1960年）|教育部、重庆市共建高校（2001年）[4] ,综合,重庆
南昌大学,世界一流学科建设高校（2017年）|211工程（1997年）|教育部、江西省人民政府省部共建高校（2004年）|教育部、江西省人民政府部省合建高校（2018年）|教育部卓越工程师教育培养计划高校（2010年） ,综合,江西
温州医科大学,卓越医生教育培养计划（2012年11月） |111计划（2016年9月） |省部共建高校（国家卫生健康委员会、教育部和浙江省人民政府共建）,医药类,浙江
长江大学,省属重点本科高校|省部共建高校（2012年）|中西部高校基础能力建设工程（2012年）|卓越工程师教育培养计划（2012年）|卓越农林人才教育培养计划（2014年）,综合类,湖北
吉林外国语大学,未知,语言类,吉林
吉林化工学院,省属高等院校|卓越工程师教育培养计划,工科,吉林
武汉第二船舶设计研究所,未知,未知,湖北
广东财经大学,省部共建大学|广东省重点建设大学|卓越法律人才教育培养计划（2012年入选）,财经类,广东
中原工学院,全日制普通高等学校|深化创新创业教育改革示范高校,理工,河南
湖北汽车工业学院,卓越工程师教育培养计划|普通高等院校,理工,湖北
苏州科技大学,卓越工程师教育培养计划|省部共建高校,理工类,江苏
苏州科技大学,卓越工程师教育培养计划|省部共建高校,理工类,江苏
辽宁科技大学,辽宁省一流大学重点建设高校（2017年）|教育部卓越工程师教育培养计划高校（2011年）|省属重点本科高校,理工,辽宁
重庆科技学院,省部共建高校[7] |卓越工程师教育培养计划（2011年）[8] |全国应用技术大学（学院）联盟副理事长单位|数据中国“百校工程”,"理工
[6]",重庆
沈阳化工大学,省部共建高校|辽宁省“双一流”重点建设高校|中西部高校基础能力建设工程|卓越工程师教育培养计划,理工类,辽宁
安徽医科大学,省部共建大学 |卓越医生教育培养计划 |国家“特色重点学科项目”建设高校 |安徽省属重点大学 |安徽省高等教育振兴计划 ,医药,安徽
首都师范大学,双一流（世界一流学科建设高校）（2017年）|卓越教师培养计划（2014年） |省部共建大学（2014年）,师范（综合类）,北京
五邑大学,全日制普通本科院校|省市共建本科高校（2016年入选）|广东省高水平理工科大学建设高校（2017年入选）,综合,广东
河北农业大学,省部共建高校 |省属重点本科高校|中西部高校基础能力建设工程（2012年入选） |卓越工程师教育培养计划（2013年12月入选）|卓越农林人才教育培养计划（2010年入选）,农林类,河北
桂林理工大学,中西部高校基础能力建设工程|卓越工程师教育培养计划 |深化创新创业教育改革示范高校[7] |新工科研究与实践项目[8] |卓越工程师教育培养计划2.0,理工类,广西
苏州科技大学,卓越工程师教育培养计划|省部共建高校,理工类,江苏
常州大学,省属重点本科高校|省部共建大学,理工类,江苏
北京工商大学,未知,综合,北京
河南大学,世界一流学科建设高校（2017年） |111计划（2016年）|省部共建大学（2008年）|中西部高校基础能力建设工程（2012年） |卓越医生教育培养计划（2012年） ,综合,河南
杭州师范大学,卓越教师培养计划（卓越小学教师培养改革项目）|浙江省重点建设高校,师范类,浙江
重庆科技学院,省部共建高校[7] |卓越工程师教育培养计划（2011年）[8] |全国应用技术大学（学院）联盟副理事长单位|数据中国“百校工程”,"理工
[6]",重庆
四川轻化工大学,未知,理工类,四川
温州大学,未知,综合类,浙江
天津理工大学,卓越工程师教育培养计划高校（2011）|高等学校学科创新引智计划（2017）|新工科研究与实践项目（2018）,理工,天津
湖南理工学院,“十三五”国家产教融合发展工程应用型本科规划高校（2016）,理工,湖南
南京信息工程大学,全国重点大学|省部共建高校|卓越工程师教育培养计划（2011年） |世界一流学科建设高校（2017年）|江苏高水平大学建设高校,理工,江苏
大连大学,卓越教师培养计划（2014）,综合,辽宁
武汉材料保护研究所,未知,未知,湖北
安徽农业大学,省属重点大学 |省部共建大学 |中西部高校基础能力建设工程 |卓越工程师教育培养计划2.0|卓越农林人才教育培养计划,农林,安徽
广东药科大学,全日制普通本科高校,医药,广东
大连工业大学,卓越工程师教育培养计划|卓越农林人才教育培养计划|2011计划,理工类,辽宁
武汉工程大学,卓越工程师教育培养计划高校（2011）|中西部高校基础能力建设工程（2012）|“新工科”研究与实践项目（2018）|湖北省国内一流学科建设高校（2018）,理工,湖北
大连工业大学,卓越工程师教育培养计划|卓越农林人才教育培养计划|2011计划,理工类,辽宁
浙江理工大学,省属重点建设大学 |卓越工程师教育培养计划|新工科研究与实践项目,理工类,浙江
中国计量大学,全日制普通本科院校|省部共建大学（2017年）|卓越工程师教育培养计划（2011年）|新工科研究与实践项目|国家级大学生创新创业训练计划,理工,北京
四川轻化工大学,未知,理工类,四川
南方医科大学,111计划[2] |卓越医生教育培养计划|”部委省”共建高校|全国重点大学,医科,广东
佳木斯大学,省属重点大学|中西部高校基础能力建设工程,综合,黑龙江
重庆科技学院,省部共建高校[7] |卓越工程师教育培养计划（2011年）[8] |全国应用技术大学（学院）联盟副理事长单位|数据中国“百校工程”,"理工
[6]",重庆
安徽医科大学,省部共建大学 |卓越医生教育培养计划 |国家“特色重点学科项目”建设高校 |安徽省属重点大学 |安徽省高等教育振兴计划 ,医药,安徽
南昌工程学院,江西省人民政府与水利部共建高校（2008年）|卓越工程师教育培养计划（2011年）|卓越农林人才教育培养计划（2014年）|江西省“一流学科”建设高校（2017年）[2] ,理工,江西
南昌工程学院,江西省人民政府与水利部共建高校（2008年）|卓越工程师教育培养计划（2011年）|卓越农林人才教育培养计划（2014年）|江西省“一流学科”建设高校（2017年）[2] ,理工,江西
南昌工程学院,江西省人民政府与水利部共建高校（2008年）|卓越工程师教育培养计划（2011年）|卓越农林人才教育培养计划（2014年）|江西省“一流学科”建设高校（2017年）[2] ,理工,江西
南昌工程学院,江西省人民政府与水利部共建高校（2008年）|卓越工程师教育培养计划（2011年）|卓越农林人才教育培养计划（2014年）|江西省“一流学科”建设高校（2017年）[2] ,理工,江西
常州大学,省属重点本科高校|省部共建大学,理工类,江苏
辽宁石油化工大学,省属重点高校 |卓越工程师教育培养计划,工科,辽宁
天津理工大学,卓越工程师教育培养计划高校（2011）|高等学校学科创新引智计划（2017）|新工科研究与实践项目（2018）,理工,天津
安徽大学,211工程|省部共建高校|“双一流”世界一流学科建设高校|卓越法律人才教育培养计划 |中国政府奖学金来华留学生接收院校,综合,安徽
黑龙江科技大学,黑龙江“1161工程”|黑龙江“十二五”期间重点建设的特色应用型本科高校|省部共建高校|新工科研究与实践项目|卓越工程师教育培养计划2.0,理工类,黑龙江
北京科技大学,双一流（世界一流学科建设高校）（2017年）|全国重点大学（1960年）|211工程（1997年）|985工程优势学科创新平台（2006年）|卓越工程师教育培养计划（2010年）,理工,北京
南昌工程学院,江西省人民政府与水利部共建高校（2008年）|卓越工程师教育培养计划（2011年）|卓越农林人才教育培养计划（2014年）|江西省“一流学科”建设高校（2017年）[2] ,理工,江西
福建农林大学,福建省重点建设高校（2003年）|农业部与福建省人民政府共建大学（2011）|国家林业局与福建省人民政府共建大学（2012）|福建省高水平大学建设高校（2014）|福建省一流大学建设高校（2018）,农林,福建
河南大学,世界一流学科建设高校（2017年） |111计划（2016年）|省部共建大学（2008年）|中西部高校基础能力建设工程（2012年） |卓越医生教育培养计划（2012年） ,综合,河南
桂林电子科技大学,省部共建高校（工业和信息化部、国家国防科技工业局与广西壮族自治区人民政府共建）|卓越工程师教育培养计划|中西部高校基础能力建设工程|首批高等学校科技成果转化和技术转移基地|新工科研究与实践项目,理工类,广西
北京石油化工学院,全日制普通高等本科院校|教育部CDIO工程教育改革试点高校（2007年）|教育部首批“卓越工程师教育培养计划”试点高校（2010年）|高水平运动员招生资格高校（2015年）|北京市深化创新创业教育改革示范高校（2017年）,理工,北京
贵州大学,双一流（世界一流学科建设高校）|211工程|部省合作共建高校|中国政府奖学金来华留学生接收院校|西部地区重点建设高水平大学,综合,贵州
景德镇陶瓷大学,卓越工程师教育培养计划（2012年） |江西省首批转型发展试点高校（2015年）,"理工类
[5]",江西
天津理工大学,卓越工程师教育培养计划高校（2011）|高等学校学科创新引智计划（2017）|新工科研究与实践项目（2018）,理工,天津
福建工程学院,福建省重点建设高校（2012年）|福建省示范性应用型本科高校建设单位（2018）|教育部“卓越工程师教育培养计划”试点高校（2010年）|“十三五”应用型本科产教融合发展工程规划项目（2016年）|福建省一流学科建设高校（2016年）,理工,福建
闽南师范大学,福建省重点建设高校（2007）|福建省一流学科建设高校（2018）,师范类,福建
沈阳药科大学,省属重点建设大学|国家级综合性新药研发平台 |国家理科基础科学研究和教学人才培养基地|国家生命科学与技术人才培养基地|国家药品监督管理局药品监管科学研究基地,医药,辽宁
华侨大学,国家重点建设大学（1983年入选） |福建省重点建设高校（2003年入选） |福建省高水平大学（2016年入选）|福建省“双一流”建设高校（2017年入选）|中央部属高校,综合,福建
东北石油大学,全国重点大学（1978年）|省部共建大学（2010年）|卓越工程师教育培养计划实施高校（2011年）|国家大学生创新性实验计划实施高校 （2008年）|特色重点学科项目建设高校（2010年）,理工类,黑龙江
西南技术物理研究所（209所）,未知,未知,四川
北京科技大学,双一流（世界一流学科建设高校）（2017年）|全国重点大学（1960年）|211工程（1997年）|985工程优势学科创新平台（2006年）|卓越工程师教育培养计划（2010年）,理工,北京
河南科技大学,省部共建大学（2016年） |中西部高校基础能力建设工程（2016年） |卓越农林人才教育培养计划（2015年） |卓越医生教育培养计划（2012年） |卓越工程师教育培养计划（2011年）,综合,河南
中国石油大学（北京）,世界一流学科建设高校（2017年）|211工程（1997年）|985工程优势学科创新平台（2006年）|全国重点大学（1960年）|111计划（2011年）,理工,北京
东北林业大学,双一流（世界一流学科建设高校）（2017年入选）|全国重点大学|省部共建高校|211工程（2005年入选）|985工程优势学科创新平台（2011年入选）,林业类,黑龙江
东北石油大学,全国重点大学（1978年）|省部共建大学（2010年）|卓越工程师教育培养计划实施高校（2011年）|国家大学生创新性实验计划实施高校 （2008年）|特色重点学科项目建设高校（2010年）,理工类,黑龙江
东北石油大学,全国重点大学（1978年）|省部共建大学（2010年）|卓越工程师教育培养计划实施高校（2011年）|国家大学生创新性实验计划实施高校 （2008年）|特色重点学科项目建设高校（2010年）,理工类,黑龙江
东北石油大学,全国重点大学（1978年）|省部共建大学（2010年）|卓越工程师教育培养计划实施高校（2011年）|国家大学生创新性实验计划实施高校 （2008年）|特色重点学科项目建设高校（2010年）,理工类,黑龙江
华南农业大学,全国重点大学（1979年入选）|省部共建大学（广东省人民政府和农业农村部共建）|卓越农林人才教育培养计划（2014年10月入选）|广东省“211工程” |广东省高水平大学（2015入选）,农林类,广东
东北石油大学,全国重点大学（1978年）|省部共建大学（2010年）|卓越工程师教育培养计划实施高校（2011年）|国家大学生创新性实验计划实施高校 （2008年）|特色重点学科项目建设高校（2010年）,理工类,黑龙江
安徽工业大学,全日制普通高等学校|卓越工程师教育培养计划高校（2011年）|中西部高校基础能力建设工程（2013年）|省部联动支持高校（2016年）|全国深化创新创业教育改革示范高校（2017年）,理工,安徽
宁波大学,浙江省首批重点建设大学（2000、2015）|国家海洋局与宁波市共建高校（2011）|浙江省、教育部、宁波市共建高校（2012）|“双一流”世界一流学科建设高校（2017）,综合,浙江
闽南师范大学,福建省重点建设高校（2007）|福建省一流学科建设高校（2018）,师范类,未知
南京大学,双一流（世界一流大学建设高校A类）|全国重点大学|985工程|211工程|C9联盟,综合类,江苏
东北石油大学,全国重点大学（1978年）|省部共建大学（2010年）|卓越工程师教育培养计划实施高校（2011年）|国家大学生创新性实验计划实施高校 （2008年）|特色重点学科项目建设高校（2010年）,理工类,黑龙江
闽南师范大学,福建省重点建设高校（2007）|福建省一流学科建设高校（2018）,师范类,福建
江汉大学,省属重点本科高校|省市共建高校|湖北省国内一流学科建设高校|湖北省2011计划牵头高校|湖北省首批学分制改革试点高校,综合,湖北
天津科技大学,卓越工程师教育培养计划（2011年）|省属重点大学|特色重点学科项目（2012年）|新工科研究与实践项目（2018年）,理工,天津
浙江农林大学,111计划|浙江省第二批重点建设高校 |卓越农林人才教育培养计划[3] |省部共建高校（国家林业局和浙江省人民政府）,农林类,浙江
浙江理工大学,省属重点建设大学 |卓越工程师教育培养计划|新工科研究与实践项目,理工类,浙江
中国地质大学（武汉）,双一流（世界一流学科建设高校）|全国重点大学|211工程|985平台|卓越工程师教育培养计划,理工类,湖北
河北科技大学,卓越工程师教育培养计划（2011年）  |省部共建大学（2013年）|国防生|新工科研究与实践项目 |卓越工程师教育培养计划2.0,理工,河北
华南师范大学,211工程|省属高水平大学|省部共建高校|双一流（世界一流学科建设高校）|国防生,师范类,广东
临沂大学,山东特色名校工程|卓越教师培养计划,综合类,山东
广西民族大学,中西部高校基础能力建设工程（2012年）   |省部共建大学|省属重点大学|广西一流学科（2018年）,未知,广西
中国民航大学,中国民用航空局、天津市人民政府、教育部共建高校（2018年）|卓越工程师教育培养计划（2017年）|天津市高水平特色大学建设高校（2011年）|“新工科”研究与实践项目（2018年）,理工,天津
重庆理工大学,重庆市重点建设高校|新工科研究与实践项目（2018年）|中国兵器协同创新联盟（2018年）,理工类,重庆
广东药科大学,全日制普通本科高校,医药,广东
河北科技大学,卓越工程师教育培养计划（2011年）  |省部共建大学（2013年）|国防生|新工科研究与实践项目 |卓越工程师教育培养计划2.0,理工,河北
长春理工大学,中西部高校基础能力建设工程（2013年）|卓越工程师教育培养计划（2011年）|高等学校学科创新引智计划（2017年）|新工科研究与实践项目（2018年）|省部共建大学（1999年）,理工,吉林
江西理工大学,卓越工程师教育培养计划（2011）|省部共建大学（2013） |中西部高校基础能力建设工程（二期）（2016）|江西省一流学科建设高校（2017）[1] |省属重点大学,理工类院校,江西
湖南工业大学,国家工商行政管理总局与湖南省共建高校（2018年）|服务国家特殊需求博士人才培养项目（2013年）|湖南省2011计划（2014年）[3] |湖南省国内一流学科建设高校（2018年）[10] ,理工类,湖南
中原工学院,全日制普通高等学校|深化创新创业教育改革示范高校,理工,河南
江汉大学,省属重点本科高校|省市共建高校|湖北省国内一流学科建设高校|湖北省2011计划牵头高校|湖北省首批学分制改革试点高校,综合,湖北
中国航天科工集团第三研究院,未知,未知,北京
电信科学技术研究院,未知,未知,北京
榆林学院,省属普通本科院校,综合,山西
哈尔滨工程大学,未知,理工类,黑龙江
三峡大学,国家水利部和湖北省共建大学（2009）|教育部第二批“卓越工程师教育培养计划”高校（2011）|中西部高校基础能力建设工程（二期）（2016）|湖北省“国内一流大学”建设高校（2018）,综合,山东
河南工业大学,省部共建高校（2010年）[1] |2011计划（2013年）|中西部高校基础能力建设工程（2012年）|卓越工程师教育培养计划（2011年）|卓越农林人才教育培养计划（2014年）,理工,河南
河南工业大学,省部共建高校（2010年）[1] |2011计划（2013年）|中西部高校基础能力建设工程（2012年）|卓越工程师教育培养计划（2011年）|卓越农林人才教育培养计划（2014年）,理工,河南
武汉纺织大学,教育部“卓越工程师教育培养计划”重点建设高校（2011年）|中西部高校基础能力建设工程”重点建设高校（2012年）,理工,湖北
天津科技大学,卓越工程师教育培养计划（2011年）|省属重点大学|特色重点学科项目（2012年）|新工科研究与实践项目（2018年）,理工,天津
上海理工大学,省部共建大学|上海市重点大学|卓越工程师教育培养计划|高等学校学科创新引智计划（111计划）|中国政府奖学金来华留学生接收院校,理工类,上海
北京航空材料研究院,未知,未知,北京
贵州大学,双一流（世界一流学科建设高校）|211工程|部省合作共建高校|中国政府奖学金来华留学生接收院校|西部地区重点建设高水平大学,综合,贵州
江西科技师范大学,未知,师范类院校,江西
武汉科技大学,全日制普通高等学校|省部共建高校（2013年）|国家中西部高校基础能力建设工程（2016年）|湖北省“双一流”建设高校（2018年）,理工,湖北
武汉纺织大学,教育部“卓越工程师教育培养计划”重点建设高校（2011年）|中西部高校基础能力建设工程”重点建设高校（2012年）,理工,湖北
中科院长春应用化学研究所,未知,未知,吉林
常州大学,省属重点本科高校|省部共建大学,理工类,江苏
北京工商大学,未知,综合,北京
杭州师范大学,卓越教师培养计划（卓越小学教师培养改革项目）|浙江省重点建设高校,师范类,浙江
浙江理工大学,省属重点建设大学 |卓越工程师教育培养计划|新工科研究与实践项目,理工类,浙江
浙江科技学院,省属普通高校|卓越工程师教育培养计划（2010年）|卓越工程师教育培养计划2.0,理工类,浙江
阜阳师范大学,未知,师范类,安徽
湖州师范学院,市属普通高等院校,地方师范院校,浙江
郑州大学,世界一流大学建设高校（2017年）|211工程（1996年）|部省合作共建高校（2018年）|中西部高校综合实力提升工程（2012年）|高等学校学科创新引智计划（2018年）,综合,河南
中国农业科学院,未知,未知,北京
中科院理化技术研究所,未知,未知,北京
汕头大学,省部共建高校 |广东省“211工程” |卓越医生教育培养计划|卓越工程师教育培养计划|卓越工程师教育培养计划2.0,综合类,广东
渤海大学,普通本科院校,综合类大学,辽宁
广西师范大学,省部共建大学(综合性省属重点大学)|中西部高校基础能力建设工程|卓越教师培养计划|广西重点支持的国内同类一流大学,师范,广西
广西师范大学,省部共建大学(综合性省属重点大学)|中西部高校基础能力建设工程|卓越教师培养计划|广西重点支持的国内同类一流大学,师范,广西
广西师范大学,省部共建大学(综合性省属重点大学)|中西部高校基础能力建设工程|卓越教师培养计划|广西重点支持的国内同类一流大学,师范,广西
天津理工大学,卓越工程师教育培养计划高校（2011）|高等学校学科创新引智计划（2017）|新工科研究与实践项目（2018）,理工,天津
辽宁工业大学,中西部高校基础能力建设工程[3] |普通本科院校[3] ,工科,辽宁
天津理工大学,卓越工程师教育培养计划高校（2011）|高等学校学科创新引智计划（2017）|新工科研究与实践项目（2018）,理工,天津
重庆大学,985工程（1999年）|211工程（1996年）|世界一流大学建设高校（A类）（2017年）|全国重点大学（1960年）|教育部、重庆市共建高校（2001年）[4] ,综合,重庆
中国地质大学（武汉）,双一流（世界一流学科建设高校）|全国重点大学|211工程|985平台|卓越工程师教育培养计划,理工类,湖北
太原理工大学,世界一流学科建设高校|211工程|卓越工程师教育培养计划|全国深化创新创业教育改革示范高校|国家“111”计划地方高校新建基地,理工,山西
河北经贸大学,河北省重点骨干大学|河北省国家一流大学建设二层次高校（2016年）,财经,河北
北京石油化工学院,全日制普通高等本科院校|教育部CDIO工程教育改革试点高校（2007年）|教育部首批“卓越工程师教育培养计划”试点高校（2010年）|高水平运动员招生资格高校（2015年）|北京市深化创新创业教育改革示范高校（2017年）,理工,北京
武汉科技大学,全日制普通高等学校|省部共建高校（2013年）|国家中西部高校基础能力建设工程（2016年）|湖北省“双一流”建设高校（2018年）,理工,湖北
辽宁科技大学,辽宁省一流大学重点建设高校（2017年）|教育部卓越工程师教育培养计划高校（2011年）|省属重点本科高校,理工,辽宁
福建工程学院,福建省重点建设高校（2012年）|福建省示范性应用型本科高校建设单位（2018）|教育部“卓越工程师教育培养计划”试点高校（2010年）|“十三五”应用型本科产教融合发展工程规划项目（2016年）|福建省一流学科建设高校（2016年）,理工,福建
上海师范大学,上海市教育综合改革部市共同支持高校 |教育部卓越教师培养计划实施院校|中国政府奖学金来华留学生接收院校 |高等学校学科创新引智计划（111计划）|上海市重点建设大学,师范（综合）,上海
武汉纺织大学,教育部“卓越工程师教育培养计划”重点建设高校（2011年）|中西部高校基础能力建设工程”重点建设高校（2012年）,理工,湖北
大连海事大学,双一流（世界一流学科建设高校）|中央部属高校|211工程|111计划|卓越工程师教育培养计划,理工类,辽宁
长沙理工大学,中西部高校基础能力建设工程（2012年入选）|省属重点大学  |省部共建大学|卓越工程师教育培养计划 |湖南省“双一流”A类建设高校（2018年入选）[1] ,理工类,湖南
湖北大学,省部共建高校|2011计划|中西部高校基础能力建设工程|湖北省“双一流”建设高校[1] |国家“111计划”,综合,湖北
杭州师范大学,卓越教师培养计划（卓越小学教师培养改革项目）|浙江省重点建设高校,师范类,浙江
武汉纺织大学,教育部“卓越工程师教育培养计划”重点建设高校（2011年）|中西部高校基础能力建设工程”重点建设高校（2012年）,理工,湖北
浙江海洋大学,省部共建高校 |卓越农林人才教育培养计划高校 |浙江省国际化特色高校|浙江省一流学科建设高校|浙江省重点建设高校[2] ,"农林
[7]",浙江
武汉纺织大学,教育部“卓越工程师教育培养计划”重点建设高校（2011年）|中西部高校基础能力建设工程”重点建设高校（2012年）,理工,湖北
渤海大学,普通本科院校,综合类大学,辽宁
渤海大学,普通本科院校,综合类大学,辽宁
杭州师范大学,卓越教师培养计划（卓越小学教师培养改革项目）|浙江省重点建设高校,师范类,浙江
青岛大学,省属重点大学 |卓越工程师教育培养计划（2011年） |卓越医生教育培养计划（2012年）|山东特色名校工程（2013年） ,综合类,山东
杭州师范大学,卓越教师培养计划（卓越小学教师培养改革项目）|浙江省重点建设高校,师范类,浙江
中国计量大学,全日制普通本科院校|省部共建大学（2017年）|卓越工程师教育培养计划（2011年）|新工科研究与实践项目|国家级大学生创新创业训练计划,理工,浙江
北京航空材料研究院,未知,未知,北京
中国科学院大学,中国科学院直属高校|双一流（世界一流学科建设高校）|环太平洋大学联盟成员[3] |京港大学联盟成员[8] |科技大学联盟成员,综合,北京
广西大学,双一流（世界一流学科建设高校）（2017年）|211工程（1999年）| 省部共建高校（2004年）  |卓越工程师教育培养计划（2011年）|中西部高校综合实力提升工程（2012年）,综合类,广西
中国科学技术大学,双一流（世界一流大学建设高校A类）|985工程（1999年入选）|211工程（1995年入选）|111计划（2006年入选）|珠峰计划（2010年入选）,理工科,北京
大连工业大学,卓越工程师教育培养计划|卓越农林人才教育培养计划|2011计划,理工类,辽宁
河北大学,中西部高校综合实力提升工程|部省合作共建高校 |卓越工程师教育培养计划 |卓越法律人才教育培养计划 |中西部高校基础能力建设工程,综合,河北
沈阳化工大学,省部共建高校|辽宁省“双一流”重点建设高校|中西部高校基础能力建设工程|卓越工程师教育培养计划,理工类,辽宁
武汉科技大学,全日制普通高等学校|省部共建高校（2013年）|国家中西部高校基础能力建设工程（2016年）|湖北省“双一流”建设高校（2018年）,理工,湖北
辽宁工程技术大学,全国重点大学|省部共建大学|卓越工程师教育培养计划|中西部高校基础能力建设工程|国家大学生创新性实验计划,理工,辽宁
齐鲁工业大学,全日制普通本科院校|山东特色名校工程（2012年）|新工科研究与实践项目|卓越工程师教育培养计划2.0,理工类,山东
广东海洋大学,省部共建大学,"农林类
[2]",广东
重庆科技学院,省部共建高校[7] |卓越工程师教育培养计划（2011年）[8] |全国应用技术大学（学院）联盟副理事长单位|数据中国“百校工程”,"理工
[6]",重庆
中国计量大学,全日制普通本科院校|省部共建大学（2017年）|卓越工程师教育培养计划（2011年）|新工科研究与实践项目|国家级大学生创新创业训练计划,理工,浙江
中科院过程工程研究所,未知,未知,辽宁
中科院长春应用化学研究所,未知,未知,吉林
湖北大学,省部共建高校|2011计划|中西部高校基础能力建设工程|湖北省“双一流”建设高校[1] |国家“111计划”,综合,湖北
武汉轻工大学,国家粮食和物资储备局与湖北省人民政府共建高校（2018）|湖北省国内一流学科建设高校（2018）|第一批卓越农林人才教育培养计划（2014）,理工,湖北
华东交通大学,省属重点本科高校|省部共建大学 |卓越工程师教育培养计划（2011年入选）|中西部高校基础能力建设工程（2016年入选） ,理工类,江西
青岛大学,省属重点大学 |卓越工程师教育培养计划（2011年） |卓越医生教育培养计划（2012年）|山东特色名校工程（2013年） ,综合类,山东
重庆三峡学院,全日制普通本科院校[3] |卓越农林人才教育培养计划（2014年）[3] ,"综合
[8]",重庆
重庆交通大学,省部共建高校|卓越工程师教育培养计划|中西部高校基础能力建设工程,理工,重庆
苏州科技大学,卓越工程师教育培养计划|省部共建高校,理工类,江苏
中北大学,中国航天科技教育联盟(2019)|B8协同创新联盟(2018)|卓越工程师教育培养计划2.0（2018）|中西部高校基础能力建设工程(2013)|卓越工程师教育培养计划(2011),综合,山西
西南科技大学,省部共建高校|西部重点建设十四所高校|四川省“双一流”建设计划|中西部高校基础能力建设工程|新工科研究与实践项目[7] ,理工,四川
重庆科技学院,省部共建高校[7] |卓越工程师教育培养计划（2011年）[8] |全国应用技术大学（学院）联盟副理事长单位|数据中国“百校工程”,"理工
[6]",重庆
东北石油大学,全国重点大学（1978年）|省部共建大学（2010年）|卓越工程师教育培养计划实施高校（2011年）|国家大学生创新性实验计划实施高校 （2008年）|特色重点学科项目建设高校（2010年）,理工类,黑龙江
北京协和医学院,双一流（世界一流学科建设高校）|卓越医生教育培养计划|全国重点大学|研究生院|医学“双一流”建设联盟[4] ,医药类,北京
厦门理工学院,福建省重点建设高校（2013年）|卓越工程师教育培养计划（2011年）|福建省一流学科建设高校（2018年）|中国政府奖学金委托培养院校（2014年）|全国首批深化创新创业教育改革示范高校（2017年）,理工,福建
厦门理工学院,福建省重点建设高校（2013年）|卓越工程师教育培养计划（2011年）|福建省一流学科建设高校（2018年）|中国政府奖学金委托培养院校（2014年）|全国首批深化创新创业教育改革示范高校（2017年）,理工,福建
合肥学院,卓越工程师教育培养计划（2010） |安徽省地方应用型高水平大学建设单位（2014）,理工类,安徽
太原科技大学,省属本科高等学校|中西部高校基础能力建设工程[4] |新工科研究与实践项目|数据中国“百校工程”,工科,山西
重庆交通大学,省部共建高校|卓越工程师教育培养计划|中西部高校基础能力建设工程,理工,重庆
河北经贸大学,河北省重点骨干大学|河北省国家一流大学建设二层次高校（2016年）,财经,河北
华东交通大学,省属重点本科高校|省部共建大学 |卓越工程师教育培养计划（2011年入选）|中西部高校基础能力建设工程（2016年入选） ,理工类,江西
武汉轻工大学,国家粮食和物资储备局与湖北省人民政府共建高校（2018）|湖北省国内一流学科建设高校（2018）|第一批卓越农林人才教育培养计划（2014）,理工,湖北
内蒙古科技大学,省属重点大学 |卓越工程师教育培养计划（2011年）|中西部高校基础能力建设工程（二期）[1] |全国知识产权试点单位|新工科研究与实践项目,综合类,内蒙古
上海空间电子设备研究所（539）,未知,未知,上海
邯郸净化设备研究所（718所）,未知,未知,河北
北京电子科技学院,未知,理工,北京
湖南师范大学,211工程 （1996年）|“双一流”世界一流学科建设高校（2017年）|部省重点共建“双一流”建设高校（2018年）,师范类,湖南
东北电力大学,卓越工程师教育培养计划（2011）   |中西部高校基础能力建设工程（2012）,理工类,吉林
中国地质大学（北京）,211工程、985平台、111计划|世界一流学科建设高校|卓越工程师教育培养计划,公立大学,北京
北京工商大学,未知,综合,北京
复旦大学,未知,综合,上海
安徽农业大学,省属重点大学 |省部共建大学 |中西部高校基础能力建设工程 |卓越工程师教育培养计划2.0|卓越农林人才教育培养计划,农林,安徽
首都师范大学,双一流（世界一流学科建设高校）（2017年）|卓越教师培养计划（2014年） |省部共建大学（2014年）,师范（综合类）,北京
福建农林大学,福建省重点建设高校（2003年）|农业部与福建省人民政府共建大学（2011）|国家林业局与福建省人民政府共建大学（2012）|福建省高水平大学建设高校（2014）|福建省一流大学建设高校（2018）,农林,福建
青岛科技大学,省属重点大学 |卓越工程师教育培养计划高校（2011年）|“山东特色名校工程”应用基础型特色名校重点建设大学|新工科研究与实践项目|卓越工程师教育培养计划2.0,理工类,山东
武汉科技大学,全日制普通高等学校|省部共建高校（2013年）|国家中西部高校基础能力建设工程（2016年）|湖北省“双一流”建设高校（2018年）,理工,湖北
天津理工大学,卓越工程师教育培养计划高校（2011）|高等学校学科创新引智计划（2017）|新工科研究与实践项目（2018）,理工,天津
浙江科技学院,省属普通高校|卓越工程师教育培养计划（2010年）|卓越工程师教育培养计划2.0,理工类,浙江
青岛大学,省属重点大学 |卓越工程师教育培养计划（2011年） |卓越医生教育培养计划（2012年）|山东特色名校工程（2013年） ,综合类,山东
南阳师范学院,全日制普通本科院校[7] ,师范,河南
北京物资学院,全日制普通本科院校,财经,北京
哈尔滨船舶锅炉涡轮机研究所,未知,未知,黑龙江
汕头大学,省部共建高校 |广东省“211工程” |卓越医生教育培养计划|卓越工程师教育培养计划|卓越工程师教育培养计划2.0,综合类,广东
上海大学,211工程（1997年）|省部共建大学（2013年）|世界一流学科建设高校（2017年）|卓越工程师教育培养计划（2010年）|111计划（2016年）,综合,上海
上海大学,211工程（1997年）|省部共建大学（2013年）|世界一流学科建设高校（2017年）|卓越工程师教育培养计划（2010年）|111计划（2016年）,综合,上海
中国舰船研究院,未知,未知,湖北
上海船舶设备研究所,未知,未知,上海
北京物资学院,全日制普通本科院校,财经,北京
哈尔滨理工大学,省部共建高校 |卓越工程师教育培养计划 |中西部高校基础能力建设工程 |国家特色重点学科项目建设高校|省属重点大学,理工,黑龙江
哈尔滨理工大学,省部共建高校 |卓越工程师教育培养计划 |中西部高校基础能力建设工程 |国家特色重点学科项目建设高校|省属重点大学,理工,黑龙江
青岛科技大学,省属重点大学 |卓越工程师教育培养计划高校（2011年）|“山东特色名校工程”应用基础型特色名校重点建设大学|新工科研究与实践项目|卓越工程师教育培养计划2.0,理工类,山东
安庆师范大学,省属本科高校|百校工程|中西部高校基础能力建设工程,师范,安徽
哈尔滨理工大学,省部共建高校 |卓越工程师教育培养计划 |中西部高校基础能力建设工程 |国家特色重点学科项目建设高校|省属重点大学,理工,黑龙江
哈尔滨理工大学,省部共建高校 |卓越工程师教育培养计划 |中西部高校基础能力建设工程 |国家特色重点学科项目建设高校|省属重点大学,理工,黑龙江
东北林业大学,双一流（世界一流学科建设高校）（2017年入选）|全国重点大学|省部共建高校|211工程（2005年入选）|985工程优势学科创新平台（2011年入选）,林业类,黑龙江
哈尔滨船舶锅炉涡轮机研究所,未知,未知,黑龙江
安徽工业大学,全日制普通高等学校|卓越工程师教育培养计划高校（2011年）|中西部高校基础能力建设工程（2013年）|省部联动支持高校（2016年）|全国深化创新创业教育改革示范高校（2017年）,理工,安徽
东北石油大学,全国重点大学（1978年）|省部共建大学（2010年）|卓越工程师教育培养计划实施高校（2011年）|国家大学生创新性实验计划实施高校 （2008年）|特色重点学科项目建设高校（2010年）,理工类,黑龙江
湖北汽车工业学院,卓越工程师教育培养计划|普通高等院校,理工,湖北
中国矿业大学（徐州）,双一流（世界一流学科建设高校）     |211工程|985平台|111计划|全国重点大学,综合类,北京
西北民族大学,部属高校 |卓越农林人才教育培养计划（2014年入选）|省部共建高校（2015年入选）,综合类,甘肃
天津医科大学,双一流（世界一流学科建设高校）（2017年9月入选）|省部共建高校 |211工程（1997年入选）|卓越医生教育培养计划（2012年11月入选）,医学类,天津
南京林业大学,省部共建大学（2000年） |省属重点大学 |卓越农林人才教育培养计划（2014年） |特色重点学科项目（2010年） |世界一流学科建设高校（2017年）,农林,江苏
青岛大学,省属重点大学 |卓越工程师教育培养计划（2011年） |卓越医生教育培养计划（2012年）|山东特色名校工程（2013年） ,综合类,山东
福建工程学院,福建省重点建设高校（2012年）|福建省示范性应用型本科高校建设单位（2018）|教育部“卓越工程师教育培养计划”试点高校（2010年）|“十三五”应用型本科产教融合发展工程规划项目（2016年）|福建省一流学科建设高校（2016年）,理工,福建
济南大学,省部共建大学|卓越工程师教育培养计划（2010年）|山东省首批应用型人才培养特色名校（2011年）|国家级工程实践教育中心共建高校（2012年）|111计划（2017年）,综合,山东
东北石油大学,全国重点大学（1978年）|省部共建大学（2010年）|卓越工程师教育培养计划实施高校（2011年）|国家大学生创新性实验计划实施高校 （2008年）|特色重点学科项目建设高校（2010年）,理工类,黑龙江
浙江科技学院,省属普通高校|卓越工程师教育培养计划（2010年）|卓越工程师教育培养计划2.0,理工类,浙江
沈阳建筑大学,省部共建高校|国家百所中西部高校基础能力建设工程支持高校（2013年入选）|国家卓越工程师教育培养计划实施高校（2010年入选）|辽宁省一流大学重点建设高校（2017年入选）,理工,辽宁
北京石油化工学院,全日制普通高等本科院校|教育部CDIO工程教育改革试点高校（2007年）|教育部首批“卓越工程师教育培养计划”试点高校（2010年）|高水平运动员招生资格高校（2015年）|北京市深化创新创业教育改革示范高校（2017年）,理工,北京
大连工业大学,卓越工程师教育培养计划|卓越农林人才教育培养计划|2011计划,理工类,辽宁
南昌航空大学,江西省人民政府与国家国防科技工业局共建高校（2010） |卓越工程师教育培养计划（2011）,理工类院校,江西
郑州机电工程研究所,未知,未知,河南
东北林业大学,双一流（世界一流学科建设高校）（2017年入选）|全国重点大学|省部共建高校|211工程（2005年入选）|985工程优势学科创新平台（2011年入选）,林业类,黑龙江
内蒙古科技大学,省属重点大学 |卓越工程师教育培养计划（2011年）|中西部高校基础能力建设工程（二期）[1] |全国知识产权试点单位|新工科研究与实践项目,综合类,吉林
东北林业大学,双一流（世界一流学科建设高校）（2017年入选）|全国重点大学|省部共建高校|211工程（2005年入选）|985工程优势学科创新平台（2011年入选）,林业类,黑龙江
青岛大学,省属重点大学 |卓越工程师教育培养计划（2011年） |卓越医生教育培养计划（2012年）|山东特色名校工程（2013年） ,综合类,山东
五邑大学,全日制普通本科院校|省市共建本科高校（2016年入选）|广东省高水平理工科大学建设高校（2017年入选）,综合,广东
常州大学,省属重点本科高校|省部共建大学,理工类,江苏
昆明理工大学,中西部高校基础能力建设工程（2012年）|省属重点大学 |中央与地方共建高等学校 |卓越工程师教育培养计划（2011年10月）|新工科研究与实践项目（2018年）[2] ,"综合类
[1]",云南
合肥学院,卓越工程师教育培养计划（2010） |安徽省地方应用型高水平大学建设单位（2014）,理工类,安徽
南昌航空大学,江西省人民政府与国家国防科技工业局共建高校（2010） |卓越工程师教育培养计划（2011）,理工类院校,江西
徐州医科大学,卓越医生教育培养计划（2012年）|江苏省属重点大学（2010年）,医药,江苏
盐城工学院,省属本科院校|卓越工程师教育培养计划,工科,江苏
北京石油化工学院,全日制普通高等本科院校|教育部CDIO工程教育改革试点高校（2007年）|教育部首批“卓越工程师教育培养计划”试点高校（2010年）|高水平运动员招生资格高校（2015年）|北京市深化创新创业教育改革示范高校（2017年）,理工,北京
大连工业大学,卓越工程师教育培养计划|卓越农林人才教育培养计划|2011计划,理工类,辽宁
太原科技大学,省属本科高等学校|中西部高校基础能力建设工程[4] |新工科研究与实践项目|数据中国“百校工程”,工科,山西
安徽大学,211工程|省部共建高校|“双一流”世界一流学科建设高校|卓越法律人才教育培养计划 |中国政府奖学金来华留学生接收院校,综合,安徽
安徽大学,211工程|省部共建高校|“双一流”世界一流学科建设高校|卓越法律人才教育培养计划 |中国政府奖学金来华留学生接收院校,综合,安徽
淮北师范大学,省属重点本科高校|中央与地方共建高校（1998年）|中西部高校基础能力建设工程（2016年）,师范,安徽
内蒙古大学,全国重点大学（1978年） |211工程（1997年）|“国家中西部高校提升综合实力计划”高校（2012年）|中西部“一省一校”重点支持建设高校（2016年）|世界一流学科建设高校（2017年）,综合,内蒙古
东莞理工学院,卓越工程师教育培养计划（2010年）|广东省高水平理工科大学,理工,广东
华东交通大学,省属重点本科高校|省部共建大学 |卓越工程师教育培养计划（2011年入选）|中西部高校基础能力建设工程（2016年入选） ,理工类,江西
东北林业大学,双一流（世界一流学科建设高校）（2017年入选）|全国重点大学|省部共建高校|211工程（2005年入选）|985工程优势学科创新平台（2011年入选）,林业类,黑龙江
福建农林大学,福建省重点建设高校（2003年）|农业部与福建省人民政府共建大学（2011）|国家林业局与福建省人民政府共建大学（2012）|福建省高水平大学建设高校（2014）|福建省一流大学建设高校（2018）,农林,福建
安徽工业大学,全日制普通高等学校|卓越工程师教育培养计划高校（2011年）|中西部高校基础能力建设工程（2013年）|省部联动支持高校（2016年）|全国深化创新创业教育改革示范高校（2017年）,理工,安徽
云南农业大学,卓越农林人才教育培养计划 |卓越工程师教育培养计划|省属重点大学,农业类,云南
中国舰船研究设计中心（701所）,未知,未知,湖北
南宁师范大学,未知,师范类,广西
南宁师范大学,未知,师范类,广西
南宁师范大学,未知,师范类,广西
南宁师范大学,未知,师范类,广西
南宁师范大学,未知,师范类,广西
南宁师范大学,未知,师范类,广西
南宁师范大学,未知,师范类,广西
华侨大学,国家重点建设大学（1983年入选） |福建省重点建设高校（2003年入选） |福建省高水平大学（2016年入选）|福建省“双一流”建设高校（2017年入选）|中央部属高校,综合,福建
中国舰船研究院,未知,未知,北京
桂林电子科技大学,省部共建高校（工业和信息化部、国家国防科技工业局与广西壮族自治区人民政府共建）|卓越工程师教育培养计划|中西部高校基础能力建设工程|首批高等学校科技成果转化和技术转移基地|新工科研究与实践项目,理工类,广西
广西民族大学,中西部高校基础能力建设工程（2012年）   |省部共建大学|省属重点大学|广西一流学科（2018年）,未知,广西
西安建筑科技大学,111计划[6] |省部共建大学|中西部高校基础能力建设工程|卓越工程师教育培养计划|全国深化创新创业教育改革示范高校,理工,陕西
湖南科技大学,省部共建大学 |省属重点大学 |中西部高校基础能力建设工程 |卓越工程师教育培养计划|湖南省2011计划,综合类,湖南
中国舰船研究院,未知,未知,北京
新疆财经大学,自治区重点建设大学,财经,新疆
新疆财经大学,自治区重点建设大学,财经,新疆
新疆财经大学,自治区重点建设大学,财经,新疆
新疆财经大学,自治区重点建设大学,财经,新疆
新疆财经大学,自治区重点建设大学,财经,新疆
山东师范大学,省属重点大学（1981年）|山东省首批重点建设应用基础型人才培养特色名校（2012年）|中华人民共和国教育部和山东省人民政府共建高校（2014年）,师范,山东
安徽工业大学,全日制普通高等学校|卓越工程师教育培养计划高校（2011年）|中西部高校基础能力建设工程（2013年）|省部联动支持高校（2016年）|全国深化创新创业教育改革示范高校（2017年）,理工,安徽
南宁师范大学,未知,师范类,广西
南宁师范大学,未知,师范类,广西
安徽师范大学,省部共建高校 |中西部高校基础能力建设工程 |省属重点大学 |安徽省高等教育振兴计划 |卓越教师培养计划 ,师范（综合）,安徽
广东医科大学,未知,医药类,广东
大连医科大学,中西部高校基础能力建设工程（2013年5月入选）|卓越医生教育培养计划（2013年10月入选）|辽宁省一流大学重点建设高校（2017年入选）,医药类,辽宁
安徽师范大学,省部共建高校 |中西部高校基础能力建设工程 |省属重点大学 |安徽省高等教育振兴计划 |卓越教师培养计划 ,师范（综合）,安徽
太原理工大学,世界一流学科建设高校|211工程|卓越工程师教育培养计划|全国深化创新创业教育改革示范高校|国家“111”计划地方高校新建基地,理工,山西
常州大学,省属重点本科高校|省部共建大学,理工类,江苏
石家庄铁道大学,全国重点大学|省部共建高校|中西部高校基础能力建设工程（2016年入选）|卓越工程师教育培养计划（2011年入选）|新工科研究与实践项目,理工科,河北
南昌航空大学,江西省人民政府与国家国防科技工业局共建高校（2010） |卓越工程师教育培养计划（2011）,理工类院校,江西
上海工程技术大学,卓越工程师教育培养计划 |上海高水平地方应用型高校建设单位 |全国地方高校新工科建设牵头单位 |长三角高水平特色地方高校创新联盟|新工科研究与实践项目,理工,上海
太原科技大学,省属本科高等学校|中西部高校基础能力建设工程[4] |新工科研究与实践项目|数据中国“百校工程”,工科,山西
太原科技大学,省属本科高等学校|中西部高校基础能力建设工程[4] |新工科研究与实践项目|数据中国“百校工程”,工科,山西
西南医科大学,未知,医药,四川
天津科技大学,卓越工程师教育培养计划（2011年）|省属重点大学|特色重点学科项目（2012年）|新工科研究与实践项目（2018年）,理工,天津
青岛大学,省属重点大学 |卓越工程师教育培养计划（2011年） |卓越医生教育培养计划（2012年）|山东特色名校工程（2013年） ,综合类,山东
华侨大学,国家重点建设大学（1983年入选） |福建省重点建设高校（2003年入选） |福建省高水平大学（2016年入选）|福建省“双一流”建设高校（2017年入选）|中央部属高校,综合,福建
华侨大学,国家重点建设大学（1983年入选） |福建省重点建设高校（2003年入选） |福建省高水平大学（2016年入选）|福建省“双一流”建设高校（2017年入选）|中央部属高校,综合,福建
河南理工大学,省属重点本科高校 |省部共建高校（2011年入选） |卓越工程师教育培养计划（2011年入选）|中西部高校基础能力建设工程（2012年入选） |新工科研究与实践项目（2018年入选） ,理工类,河南
湖北省社会科学院,未知,未知,湖北
华侨大学,国家重点建设大学（1983年入选） |福建省重点建设高校（2003年入选） |福建省高水平大学（2016年入选）|福建省“双一流”建设高校（2017年入选）|中央部属高校,综合,福建
宁波大学,浙江省首批重点建设大学（2000、2015）|国家海洋局与宁波市共建高校（2011）|浙江省、教育部、宁波市共建高校（2012）|“双一流”世界一流学科建设高校（2017）,综合,浙江
五邑大学,全日制普通本科院校|省市共建本科高校（2016年入选）|广东省高水平理工科大学建设高校（2017年入选）,综合,广东
长江大学,省属重点本科高校|省部共建高校（2012年）|中西部高校基础能力建设工程（2012年）|卓越工程师教育培养计划（2012年）|卓越农林人才教育培养计划（2014年）,综合类,湖北
南开大学,211工程（1995年12月入选）|985工程（2000年12月入选）|世界一流大学和一流学科（2017年9月入选）|卓越法律人才教育培养计划（2012年入选）|高等学校创新能力提升计划（2013年入选）,综合类,天津
江苏科技大学,江苏省重点建设高校|教育部卓越工程师教育培养计划高校|国家国防科技工业局与江苏省人民政府共建高校|江苏省人民政府与中国船舶工业集团公司、中国船舶重工集团公司共建高校,理工,江苏
中共黑龙江省委党校,未知,未知,黑龙江
华南师范大学,211工程|省属高水平大学|省部共建高校|双一流（世界一流学科建设高校）|国防生,师范类,广东
内蒙古科技大学,省属重点大学 |卓越工程师教育培养计划（2011年）|中西部高校基础能力建设工程（二期）[1] |全国知识产权试点单位|新工科研究与实践项目,综合类,内蒙古
福建农林大学,福建省重点建设高校（2003年）|农业部与福建省人民政府共建大学（2011）|国家林业局与福建省人民政府共建大学（2012）|福建省高水平大学建设高校（2014）|福建省一流大学建设高校（2018）,农林,福建
南昌航空大学,江西省人民政府与国家国防科技工业局共建高校（2010） |卓越工程师教育培养计划（2011）,理工类院校,江西
上海海事大学,省部共建大学 |卓越工程师教育培养计划|上海市深化创新创业教育改革示范高校,理工类,上海
重庆师范大学,未知,综合类,重庆
聊城大学,山东特色名校工程|卓越农林人才教育培养计划|山东省属重点大学|北极大学联盟,综合性大学,山东
中南民族大学,中华人民共和国国家民族事务委员会直属高校|省部共建高校（2015年） |少数民族骨干计划（2006年）|湖北省“国内一流大学建设高校”,综合类,湖北
绵阳师范学院,省属普通本科高校|四川省卓越教师教育培养计划,师范,四川
郑州机电工程研究所,未知,未知,河南
西南科技大学,省部共建高校|西部重点建设十四所高校|四川省“双一流”建设计划|中西部高校基础能力建设工程|新工科研究与实践项目[7] ,理工,四川
福建农林大学,福建省重点建设高校（2003年）|农业部与福建省人民政府共建大学（2011）|国家林业局与福建省人民政府共建大学（2012）|福建省高水平大学建设高校（2014）|福建省一流大学建设高校（2018）,农林,福建
辽宁工业大学,中西部高校基础能力建设工程[3] |普通本科院校[3] ,工科,辽宁
辽宁工业大学,中西部高校基础能力建设工程[3] |普通本科院校[3] ,工科,辽宁
浙江科技学院,省属普通高校|卓越工程师教育培养计划（2010年）|卓越工程师教育培养计划2.0,理工类,浙江
中国农业科学院,未知,未知,北京
浙江万里学院,未知,"理工
[6]",浙江
南宁师范大学,未知,师范类,广西
上海海事大学,省部共建大学 |卓越工程师教育培养计划|上海市深化创新创业教育改革示范高校,理工类,上海
上海海事大学,省部共建大学 |卓越工程师教育培养计划|上海市深化创新创业教育改革示范高校,理工类,上海
北京市劳动保护科学研究所,未知,未知,北京
山西农业大学,中西部高校基础能力建设工程（2016年）|省部共建高校（2012年）|卓越农林人才教育培养计划（2014年）|全国重点大学（1979年）|山西省高等教育综合改革试点高校（2016  年）,农林,山西
南宁师范大学,未知,师范类,广东
浙江财经大学,浙江省属重点建设高校,财经,浙江
兰州交通大学,省部共建高校 |中西部高校基础能力建设工程（2012年入选）|原铁道部重点高校|卓越工程师教育培养计划（2011年入选）|中国政府奖学金来华留学生接收院校,理工类,甘肃
浙江科技学院,省属普通高校|卓越工程师教育培养计划（2010年）|卓越工程师教育培养计划2.0,理工类,浙江
华侨大学,国家重点建设大学（1983年入选） |福建省重点建设高校（2003年入选） |福建省高水平大学（2016年入选）|福建省“双一流”建设高校（2017年入选）|中央部属高校,综合,福建
天津科技大学,卓越工程师教育培养计划（2011年）|省属重点大学|特色重点学科项目（2012年）|新工科研究与实践项目（2018年）,理工,天津
东北石油大学,全国重点大学（1978年）|省部共建大学（2010年）|卓越工程师教育培养计划实施高校（2011年）|国家大学生创新性实验计划实施高校 （2008年）|特色重点学科项目建设高校（2010年）,理工类,黑龙江
华南师范大学,211工程|省属高水平大学|省部共建高校|双一流（世界一流学科建设高校）|国防生,师范类,广东
重庆师范大学,未知,综合类,重庆
北京物资学院,全日制普通本科院校,财经,北京
西安工程大学,陕西省省属高水平大学|卓越工程师教育培养计划|卓越工程师教育培养计划2.0,理工,陕西
东北农业大学,双一流（世界一流学科建设高校）（2017年入选）|省部共建高校|211工程（1996年入选）|中西部高校基础能力建设工程（2013年入选）|卓越农林人才教育培养计划（2014年入选）,农林类,黑龙江
天津科技大学,卓越工程师教育培养计划（2011年）|省属重点大学|特色重点学科项目（2012年）|新工科研究与实践项目（2018年）,理工,天津
华南师范大学,211工程|省属高水平大学|省部共建高校|双一流（世界一流学科建设高校）|国防生,师范类,广东
辽宁工程技术大学,全国重点大学|省部共建大学|卓越工程师教育培养计划|中西部高校基础能力建设工程|国家大学生创新性实验计划,理工,辽宁
中国辐射防护研究院,未知,国家级公益性科研机构,山西
华东交通大学,省属重点本科高校|省部共建大学 |卓越工程师教育培养计划（2011年入选）|中西部高校基础能力建设工程（2016年入选） ,理工类,江西
西安工程大学,陕西省省属高水平大学|卓越工程师教育培养计划|卓越工程师教育培养计划2.0,理工,陕西
湖北汽车工业学院,卓越工程师教育培养计划|普通高等院校,理工,湖北
太原理工大学,世界一流学科建设高校|211工程|卓越工程师教育培养计划|全国深化创新创业教育改革示范高校|国家“111”计划地方高校新建基地,理工,山西
浙江科技学院,省属普通高校|卓越工程师教育培养计划（2010年）|卓越工程师教育培养计划2.0,理工类,浙江
浙江科技学院,省属普通高校|卓越工程师教育培养计划（2010年）|卓越工程师教育培养计划2.0,理工类,浙江
太原理工大学,世界一流学科建设高校|211工程|卓越工程师教育培养计划|全国深化创新创业教育改革示范高校|国家“111”计划地方高校新建基地,理工,山西
太原理工大学,世界一流学科建设高校|211工程|卓越工程师教育培养计划|全国深化创新创业教育改革示范高校|国家“111”计划地方高校新建基地,理工,山西
北京第二外国语学院,未知,语言,北京
太原理工大学,世界一流学科建设高校|211工程|卓越工程师教育培养计划|全国深化创新创业教育改革示范高校|国家“111”计划地方高校新建基地,理工,山西
太原理工大学,世界一流学科建设高校|211工程|卓越工程师教育培养计划|全国深化创新创业教育改革示范高校|国家“111”计划地方高校新建基地,理工,山西
华南师范大学,211工程|省属高水平大学|省部共建高校|双一流（世界一流学科建设高校）|国防生,师范类,广东
贵州大学,双一流（世界一流学科建设高校）|211工程|部省合作共建高校|中国政府奖学金来华留学生接收院校|西部地区重点建设高水平大学,综合,贵州
天津科技大学,卓越工程师教育培养计划（2011年）|省属重点大学|特色重点学科项目（2012年）|新工科研究与实践项目（2018年）,理工,天津
上海工程技术大学,卓越工程师教育培养计划 |上海高水平地方应用型高校建设单位 |全国地方高校新工科建设牵头单位 |长三角高水平特色地方高校创新联盟|新工科研究与实践项目,理工,上海
天津科技大学,卓越工程师教育培养计划（2011年）|省属重点大学|特色重点学科项目（2012年）|新工科研究与实践项目（2018年）,理工,天津
江西科技师范大学,未知,师范类院校,江西
广西大学,双一流（世界一流学科建设高校）（2017年）|211工程（1999年）| 省部共建高校（2004年）  |卓越工程师教育培养计划（2011年）|中西部高校综合实力提升工程（2012年）,综合类,广西
湖北汽车工业学院,卓越工程师教育培养计划|普通高等院校,理工,湖北
昆明医科大学,中西部高校基础能力建设工程|省属重点大学|“卓越医生教育培养计划”,医药,云南
昆明学院,普通高等院校[3] ,综合,云南
云南中医药大学,未知,医药类,云南
北华航天工业学院,省部共建大学（2013年）|河北省2011计划（2013年）|应用技术大学（学院）联盟（2013年）|CDIO工程教育联盟(2016年）|应用型本科高校（2016年）,理工类,河北
西安科技大学,省部共建高校|陕西省省属高水平大学|中西部高校基础能力建设工程 |卓越工程师教育培养计划|国家建设高水平大学公派研究生项目,理工,陕西
兰州交通大学,省部共建高校 |中西部高校基础能力建设工程（2012年入选）|原铁道部重点高校|卓越工程师教育培养计划（2011年入选）|中国政府奖学金来华留学生接收院校,理工类,甘肃
中南林业科技大学,省部共建大学|中西部高校基础能力建设工程|省属重点大学|卓越农林人才教育培养计划 |湖南省2011计划,农林,湖南
哈尔滨理工大学,省部共建高校 |卓越工程师教育培养计划 |中西部高校基础能力建设工程 |国家特色重点学科项目建设高校|省属重点大学,理工,黑龙江
上海第二工业大学,市属全日制普通本科高校|教育部卓越工程师教育培养计划高校,理工类,上海
上海工程技术大学,卓越工程师教育培养计划 |上海高水平地方应用型高校建设单位 |全国地方高校新工科建设牵头单位 |长三角高水平特色地方高校创新联盟|新工科研究与实践项目,理工,上海
广东医科大学,未知,医药类,广东
北京石油化工学院,全日制普通高等本科院校|教育部CDIO工程教育改革试点高校（2007年）|教育部首批“卓越工程师教育培养计划”试点高校（2010年）|高水平运动员招生资格高校（2015年）|北京市深化创新创业教育改革示范高校（2017年）,理工,北京
上海大学,211工程（1997年）|省部共建大学（2013年）|世界一流学科建设高校（2017年）|卓越工程师教育培养计划（2010年）|111计划（2016年）,综合,上海
吉林大学,双一流（世界一流大学A类建设高校）|985工程|211工程|21世纪学术联盟|中俄交通大学联盟,综合,吉林
南方科技大学,未知,理工类,广东
贵州大学,双一流（世界一流学科建设高校）|211工程|部省合作共建高校|中国政府奖学金来华留学生接收院校|西部地区重点建设高水平大学,综合,贵州
山东财经大学,财政部、教育部和山东省人民政府共建高校|山东省“省部共建人才培养特色名校立项建设单位（2013年）|山东省重点大学,财经,山东
东北石油大学,全国重点大学（1978年）|省部共建大学（2010年）|卓越工程师教育培养计划实施高校（2011年）|国家大学生创新性实验计划实施高校 （2008年）|特色重点学科项目建设高校（2010年）,理工类,黑龙江
广东财经大学,省部共建大学|广东省重点建设大学|卓越法律人才教育培养计划（2012年入选）,财经类,广东
辽宁石油化工大学,省属重点高校 |卓越工程师教育培养计划,工科,辽宁
辽宁石油化工大学,省属重点高校 |卓越工程师教育培养计划,工科,辽宁
中共广东省委党校,未知,未知,广东
天津职业技术师范大学,省部共建高校|卓越教师培养计划,师范,天津
东北电力大学,卓越工程师教育培养计划（2011）   |中西部高校基础能力建设工程（2012）,理工类,吉林
西安科技大学,省部共建高校|陕西省省属高水平大学|中西部高校基础能力建设工程 |卓越工程师教育培养计划|国家建设高水平大学公派研究生项目,理工,陕西
青岛科技大学,省属重点大学 |卓越工程师教育培养计划高校（2011年）|“山东特色名校工程”应用基础型特色名校重点建设大学|新工科研究与实践项目|卓越工程师教育培养计划2.0,理工类,山东
北京林业大学,双一流（世界一流学科建设高校）|全国重点大学|211工程|985平台|2011计划,林业,北京
广西民族大学,中西部高校基础能力建设工程（2012年）   |省部共建大学|省属重点大学|广西一流学科（2018年）,未知,广西
天津科技大学,卓越工程师教育培养计划（2011年）|省属重点大学|特色重点学科项目（2012年）|新工科研究与实践项目（2018年）,理工,天津
浙江科技学院,省属普通高校|卓越工程师教育培养计划（2010年）|卓越工程师教育培养计划2.0,理工类,浙江
华南师范大学,211工程|省属高水平大学|省部共建高校|双一流（世界一流学科建设高校）|国防生,师范类,广东
天津科技大学,卓越工程师教育培养计划（2011年）|省属重点大学|特色重点学科项目（2012年）|新工科研究与实践项目（2018年）,理工,天津
广西大学,双一流（世界一流学科建设高校）（2017年）|211工程（1999年）| 省部共建高校（2004年）  |卓越工程师教育培养计划（2011年）|中西部高校综合实力提升工程（2012年）,综合类,广西
合肥学院,卓越工程师教育培养计划（2010） |安徽省地方应用型高水平大学建设单位（2014）,理工类,安徽
福建农林大学,福建省重点建设高校（2003年）|农业部与福建省人民政府共建大学（2011）|国家林业局与福建省人民政府共建大学（2012）|福建省高水平大学建设高校（2014）|福建省一流大学建设高校（2018）,农林,福建
燕山大学,省部共建高校|北京高科大学联盟|卓越工程师教育培养计划|河北省“双一流”建设高校|全国重点大学,"综合性大学
[3]",河北
西安工业大学,兵工七子|省部共建高校|陕西省省属高水平大学|国家二级保密资格单位|卓越计划,理工,陕西
陕西科技大学,省部共建高校（1998年）|陕西省省属高水平大学（2011年）|卓越工程师教育培养计划（2011年）|中西部高校基础能力建设工程 （2012年）|新工科研究与实践项目（2018年）,理工,陕西
宜春学院,卓越医生教育培养计划|卓越农林人才教育培养计划|江西省首批转型发展试点高校（2015）,综合类,江西
青岛大学,省属重点大学 |卓越工程师教育培养计划（2011年） |卓越医生教育培养计划（2012年）|山东特色名校工程（2013年） ,综合类,山东
燕山大学,省部共建高校|北京高科大学联盟|卓越工程师教育培养计划|河北省“双一流”建设高校|全国重点大学,"综合性大学
[3]",河北
浙江科技学院,省属普通高校|卓越工程师教育培养计划（2010年）|卓越工程师教育培养计划2.0,理工类,浙江
五邑大学,全日制普通本科院校|省市共建本科高校（2016年入选）|广东省高水平理工科大学建设高校（2017年入选）,综合,广东
苏州科技大学,卓越工程师教育培养计划|省部共建高校,理工类,江苏
江苏科技大学,江苏省重点建设高校|教育部卓越工程师教育培养计划高校|国家国防科技工业局与江苏省人民政府共建高校|江苏省人民政府与中国船舶工业集团公司、中国船舶重工集团公司共建高校,理工,江苏
中国空间技术研究院（航天五院）,未知,未知,北京
海南大学,211工程（2008年）|世界一流学科建设高校（2017年）|中西部高校综合实力提升工程（2012年）|部省合作共建高校（2018年）|卓越工程师教育培养计划（2011年）,综合类,海南
黑龙江科技大学,黑龙江“1161工程”|黑龙江“十二五”期间重点建设的特色应用型本科高校|省部共建高校|新工科研究与实践项目|卓越工程师教育培养计划2.0,理工类,黑龙江
南宁师范大学,未知,师范类,广西
上海大学,211工程（1997年）|省部共建大学（2013年）|世界一流学科建设高校（2017年）|卓越工程师教育培养计划（2010年）|111计划（2016年）,综合,上海
西安科技大学,省部共建高校|陕西省省属高水平大学|中西部高校基础能力建设工程 |卓越工程师教育培养计划|国家建设高水平大学公派研究生项目,理工,陕西
南宁师范大学,未知,师范类,广西
南宁师范大学,未知,师范类,广西
南宁师范大学,未知,师范类,广西
东北石油大学,全国重点大学（1978年）|省部共建大学（2010年）|卓越工程师教育培养计划实施高校（2011年）|国家大学生创新性实验计划实施高校 （2008年）|特色重点学科项目建设高校（2010年）,理工类,黑龙江
广西民族大学,中西部高校基础能力建设工程（2012年）   |省部共建大学|省属重点大学|广西一流学科（2018年）,未知,广西
南宁师范大学,未知,师范类,广西
广西大学,双一流（世界一流学科建设高校）（2017年）|211工程（1999年）| 省部共建高校（2004年）  |卓越工程师教育培养计划（2011年）|中西部高校综合实力提升工程（2012年）,综合类,广西
中国一航北京长城计量测试技术研究所,未知,未知,北京
中钢集团马鞍山矿山研究院,未知,未知,安徽
哈尔滨工程大学,未知,理工类,黑龙江
太原理工大学,世界一流学科建设高校|211工程|卓越工程师教育培养计划|全国深化创新创业教育改革示范高校|国家“111”计划地方高校新建基地,理工,山西
西安工程大学,陕西省省属高水平大学|卓越工程师教育培养计划|卓越工程师教育培养计划2.0,理工,陕西
长春工业大学,卓越工程师教育培养计划[4] |中西部高校基础能力建设工程(二期)[1] |新工科研究与实践项目[5] |吉林省特色高水平应用研究型大学建设项目[6] ,理工,吉林
太原理工大学,世界一流学科建设高校|211工程|卓越工程师教育培养计划|全国深化创新创业教育改革示范高校|国家“111”计划地方高校新建基地,理工,山西
西安科技大学,省部共建高校|陕西省省属高水平大学|中西部高校基础能力建设工程 |卓越工程师教育培养计划|国家建设高水平大学公派研究生项目,理工,陕西
东北林业大学,双一流（世界一流学科建设高校）（2017年入选）|全国重点大学|省部共建高校|211工程（2005年入选）|985工程优势学科创新平台（2011年入选）,林业类,黑龙江
天津科技大学,卓越工程师教育培养计划（2011年）|省属重点大学|特色重点学科项目（2012年）|新工科研究与实践项目（2018年）,理工,天津
厦门大学,双一流（2017年）|211工程（1997年）|985工程（2001年）|111计划（2006年） |2011计划（2014年）,综合类,福建
内蒙古科技大学,省属重点大学 |卓越工程师教育培养计划（2011年）|中西部高校基础能力建设工程（二期）[1] |全国知识产权试点单位|新工科研究与实践项目,综合类,内蒙古
江西理工大学,卓越工程师教育培养计划（2011）|省部共建大学（2013） |中西部高校基础能力建设工程（二期）（2016）|江西省一流学科建设高校（2017）[1] |省属重点大学,理工类院校,江西
杭州应用声学研究所,未知,未知,浙江
中国日用化学工业研究院,未知,未知,山西
杭州应用声学研究所,未知,未知,浙江
中国一航北京长城计量测试技术研究所,未知,未知,北京
湖南科技大学,省部共建大学 |省属重点大学 |中西部高校基础能力建设工程 |卓越工程师教育培养计划|湖南省2011计划,综合类,未知
齐鲁工业大学,全日制普通本科院校|山东特色名校工程（2012年）|新工科研究与实践项目|卓越工程师教育培养计划2.0,理工类,未知
重庆科技学院,省部共建高校[7] |卓越工程师教育培养计划（2011年）[8] |全国应用技术大学（学院）联盟副理事长单位|数据中国“百校工程”,"理工
[6]",重庆
聊城大学,山东特色名校工程|卓越农林人才教育培养计划|山东省属重点大学|北极大学联盟,综合性大学,山东
哈尔滨商业大学,省属重点本科高校|中西部高校基础能力建设工程,财经,黑龙江
南宁师范大学,未知,师范类,广西
湖南科技大学,省部共建大学 |省属重点大学 |中西部高校基础能力建设工程 |卓越工程师教育培养计划|湖南省2011计划,综合类,湖南
长沙矿冶研究院,未知,未知,湖南
重庆科技学院,省部共建高校[7] |卓越工程师教育培养计划（2011年）[8] |全国应用技术大学（学院）联盟副理事长单位|数据中国“百校工程”,"理工
[6]",重庆
北京信息科技大学,卓越工程师教育培养计划（2011年入选）,理工,北京
东北石油大学,全国重点大学（1978年）|省部共建大学（2010年）|卓越工程师教育培养计划实施高校（2011年）|国家大学生创新性实验计划实施高校 （2008年）|特色重点学科项目建设高校（2010年）,理工类,黑龙江
福建农林大学,福建省重点建设高校（2003年）|农业部与福建省人民政府共建大学（2011）|国家林业局与福建省人民政府共建大学（2012）|福建省高水平大学建设高校（2014）|福建省一流大学建设高校（2018）,农林,福建
五邑大学,全日制普通本科院校|省市共建本科高校（2016年入选）|广东省高水平理工科大学建设高校（2017年入选）,综合,广东
桂林理工大学,中西部高校基础能力建设工程|卓越工程师教育培养计划 |深化创新创业教育改革示范高校[7] |新工科研究与实践项目[8] |卓越工程师教育培养计划2.0,理工类,广西
郑州烟草研究院,未知,未知,河南
燕山大学,省部共建高校|北京高科大学联盟|卓越工程师教育培养计划|河北省“双一流”建设高校|全国重点大学,"综合性大学
[3]",河北
海南大学,211工程（2008年）|世界一流学科建设高校（2017年）|中西部高校综合实力提升工程（2012年）|部省合作共建高校（2018年）|卓越工程师教育培养计划（2011年）,综合类,海南
浙江理工大学,省属重点建设大学 |卓越工程师教育培养计划|新工科研究与实践项目,理工类,浙江
南昌航空大学,江西省人民政府与国家国防科技工业局共建高校（2010） |卓越工程师教育培养计划（2011）,理工类院校,江西
上海师范大学,上海市教育综合改革部市共同支持高校 |教育部卓越教师培养计划实施院校|中国政府奖学金来华留学生接收院校 |高等学校学科创新引智计划（111计划）|上海市重点建设大学,师范（综合）,上海
上海师范大学,上海市教育综合改革部市共同支持高校 |教育部卓越教师培养计划实施院校|中国政府奖学金来华留学生接收院校 |高等学校学科创新引智计划（111计划）|上海市重点建设大学,师范（综合）,上海
东北石油大学,全国重点大学（1978年）|省部共建大学（2010年）|卓越工程师教育培养计划实施高校（2011年）|国家大学生创新性实验计划实施高校 （2008年）|特色重点学科项目建设高校（2010年）,理工类,黑龙江
天津职业技术师范大学,省部共建高校|卓越教师培养计划,师范,天津
长春工业大学,卓越工程师教育培养计划[4] |中西部高校基础能力建设工程(二期)[1] |新工科研究与实践项目[5] |吉林省特色高水平应用研究型大学建设项目[6] ,理工,吉林
重庆三峡学院,全日制普通本科院校[3] |卓越农林人才教育培养计划（2014年）[3] ,"综合
[8]",重庆
郑州机电工程研究所,未知,未知,河南
辽宁工程技术大学,全国重点大学|省部共建大学|卓越工程师教育培养计划|中西部高校基础能力建设工程|国家大学生创新性实验计划,理工,辽宁
齐鲁工业大学,全日制普通本科院校|山东特色名校工程（2012年）|新工科研究与实践项目|卓越工程师教育培养计划2.0,理工类,山东
天津科技大学,卓越工程师教育培养计划（2011年）|省属重点大学|特色重点学科项目（2012年）|新工科研究与实践项目（2018年）,理工,天津
重庆科技学院,省部共建高校[7] |卓越工程师教育培养计划（2011年）[8] |全国应用技术大学（学院）联盟副理事长单位|数据中国“百校工程”,"理工
[6]",重庆
哈尔滨工程大学,未知,理工类,黑龙江
安徽师范大学,省部共建高校 |中西部高校基础能力建设工程 |省属重点大学 |安徽省高等教育振兴计划 |卓越教师培养计划 ,师范（综合）,安徽
安徽师范大学,省部共建高校 |中西部高校基础能力建设工程 |省属重点大学 |安徽省高等教育振兴计划 |卓越教师培养计划 ,师范（综合）,安徽
安徽师范大学,省部共建高校 |中西部高校基础能力建设工程 |省属重点大学 |安徽省高等教育振兴计划 |卓越教师培养计划 ,师范（综合）,安徽
中国辐射防护研究院,未知,国家级公益性科研机构,山西
西安电子工程研究所（206所）,未知,未知,陕西
广西师范大学,省部共建大学(综合性省属重点大学)|中西部高校基础能力建设工程|卓越教师培养计划|广西重点支持的国内同类一流大学,师范,广西
长春工业大学,卓越工程师教育培养计划[4] |中西部高校基础能力建设工程(二期)[1] |新工科研究与实践项目[5] |吉林省特色高水平应用研究型大学建设项目[6] ,理工,吉林
辽宁石油化工大学,省属重点高校 |卓越工程师教育培养计划,工科,辽宁
西安理工大学,省“国内一流大学建设高校”|省部共建高校|中西部高校基础能力建设工程|陕西省省属高水平大学|新丝绸之路大学联盟,理工,陕西
中共湖南省委党校,未知,未知,湖南
山东工商学院,山东特色名校工程（2013年）,财经类,山东
安徽师范大学,省部共建高校 |中西部高校基础能力建设工程 |省属重点大学 |安徽省高等教育振兴计划 |卓越教师培养计划 ,师范（综合）,安徽
太原理工大学,世界一流学科建设高校|211工程|卓越工程师教育培养计划|全国深化创新创业教育改革示范高校|国家“111”计划地方高校新建基地,理工,山西
天津职业技术师范大学,省部共建高校|卓越教师培养计划,师范,天津
华南师范大学,211工程|省属高水平大学|省部共建高校|双一流（世界一流学科建设高校）|国防生,师范类,广东
广西大学,双一流（世界一流学科建设高校）（2017年）|211工程（1999年）| 省部共建高校（2004年）  |卓越工程师教育培养计划（2011年）|中西部高校综合实力提升工程（2012年）,综合类,广西
上海海事大学,省部共建大学 |卓越工程师教育培养计划|上海市深化创新创业教育改革示范高校,理工类,上海
广西科技大学,全日制普通本科院校|卓越医生教育培养计划|新工科研究与实践项目|卓越工程师教育培养计划2.0,理工类院校,广西
南昌航空大学,江西省人民政府与国家国防科技工业局共建高校（2010） |卓越工程师教育培养计划（2011）,理工类院校,江西
北京石油化工学院,全日制普通高等本科院校|教育部CDIO工程教育改革试点高校（2007年）|教育部首批“卓越工程师教育培养计划”试点高校（2010年）|高水平运动员招生资格高校（2015年）|北京市深化创新创业教育改革示范高校（2017年）,理工,北京
福建工程学院,福建省重点建设高校（2012年）|福建省示范性应用型本科高校建设单位（2018）|教育部“卓越工程师教育培养计划”试点高校（2010年）|“十三五”应用型本科产教融合发展工程规划项目（2016年）|福建省一流学科建设高校（2016年）,理工,福建
重庆科技学院,省部共建高校[7] |卓越工程师教育培养计划（2011年）[8] |全国应用技术大学（学院）联盟副理事长单位|数据中国“百校工程”,"理工
[6]",重庆
石油化工科学研究院,未知,未知,北京
上海船舶设备研究所,未知,未知,上海
上海船舶设备研究所,未知,未知,上海
昆明医科大学,中西部高校基础能力建设工程|省属重点大学|“卓越医生教育培养计划”,医药,云南
西南林业大学,省部共建高校|卓越工程师教育培养计划|卓越农林人才教育培养计划|中西部高校基础能力建设工程,农林,云南
杭州师范大学,卓越教师培养计划（卓越小学教师培养改革项目）|浙江省重点建设高校,师范类,浙江
湖南科技大学,省部共建大学 |省属重点大学 |中西部高校基础能力建设工程 |卓越工程师教育培养计划|湖南省2011计划,综合类,湖南
中科院成都有机化学研究所,未知,未知,四川
重庆师范大学,未知,综合类,重庆
五邑大学,全日制普通本科院校|省市共建本科高校（2016年入选）|广东省高水平理工科大学建设高校（2017年入选）,综合,广东
青岛科技大学,省属重点大学 |卓越工程师教育培养计划高校（2011年）|“山东特色名校工程”应用基础型特色名校重点建设大学|新工科研究与实践项目|卓越工程师教育培养计划2.0,理工类,山东
青岛大学,省属重点大学 |卓越工程师教育培养计划（2011年） |卓越医生教育培养计划（2012年）|山东特色名校工程（2013年） ,综合类,山东
天津科技大学,卓越工程师教育培养计划（2011年）|省属重点大学|特色重点学科项目（2012年）|新工科研究与实践项目（2018年）,理工,天津
上海电力学院,未知,理工类,上海
北京矿冶研究总院,未知,国有企业,北京
郑州烟草研究院,未知,未知,河南
中共浙江省委党校,未知,未知,浙江
中国航天科工集团第三研究院,未知,未知,北京
武汉船舶通信研究所,未知,未知,湖北
西安近代化学研究所（204所）,未知,未知,陕西
中钢集团马鞍山矿山研究院,未知,未知,安徽
淮阴工学院,国家卓越工程师教育培养计划 |国家卓越农林人才教育培养计划 |省属本科大学,理工,江苏
东北农业大学,双一流（世界一流学科建设高校）（2017年入选）|省部共建高校|211工程（1996年入选）|中西部高校基础能力建设工程（2013年入选）|卓越农林人才教育培养计划（2014年入选）,农林类,黑龙江
北京石油化工学院,全日制普通高等本科院校|教育部CDIO工程教育改革试点高校（2007年）|教育部首批“卓越工程师教育培养计划”试点高校（2010年）|高水平运动员招生资格高校（2015年）|北京市深化创新创业教育改革示范高校（2017年）,理工,北京
重庆理工大学,重庆市重点建设高校|新工科研究与实践项目（2018年）|中国兵器协同创新联盟（2018年）,理工类,重庆
蚌埠医学院,卓越医生教育培养计划（2012）[2] |安徽省高校综合改革首批试点单位（2015）[3] |国家级大学生创新创业训练计划首批试点高校|教育部硕士研究生推免高校|安徽省博士后岗位设置单位,医药,安徽
安徽财经大学,省部共建大学|中西部高校基础能力建设工程|省属重点大学|安徽省高等教育振兴计划,财经,安徽
北京石油化工学院,全日制普通高等本科院校|教育部CDIO工程教育改革试点高校（2007年）|教育部首批“卓越工程师教育培养计划”试点高校（2010年）|高水平运动员招生资格高校（2015年）|北京市深化创新创业教育改革示范高校（2017年）,理工,北京
上海师范大学,上海市教育综合改革部市共同支持高校 |教育部卓越教师培养计划实施院校|中国政府奖学金来华留学生接收院校 |高等学校学科创新引智计划（111计划）|上海市重点建设大学,师范（综合）,上海
汕头大学,省部共建高校 |广东省“211工程” |卓越医生教育培养计划|卓越工程师教育培养计划|卓越工程师教育培养计划2.0,综合类,广东
长江大学,省属重点本科高校|省部共建高校（2012年）|中西部高校基础能力建设工程（2012年）|卓越工程师教育培养计划（2012年）|卓越农林人才教育培养计划（2014年）,综合类,湖北
西安工业大学,兵工七子|省部共建高校|陕西省省属高水平大学|国家二级保密资格单位|卓越计划,理工,陕西
中科院云南天文台,未知,未知,云南
湖南农业大学,省部共建大学（2012年）|2011计划（2012年）|卓越农林人才教育培养计划（2013年）|中西部高校基础能力建设工程（2012年）|湖南省国内一流大学建设高校A类（2017年）,农林类,湖南
华北科技学院,卓越工程师教育培养计划（2011年）,理工,北京
中科院福建物质结构研究所,未知,未知,福建
天津科技大学,卓越工程师教育培养计划（2011年）|省属重点大学|特色重点学科项目（2012年）|新工科研究与实践项目（2018年）,理工,天津
广西科技大学,全日制普通本科院校|卓越医生教育培养计划|新工科研究与实践项目|卓越工程师教育培养计划2.0,理工类院校,海南
河北工程大学,省属重点大学 |省部共建大学 |中西部高校基础能力建设工程 |卓越工程师教育培养计划 |CDIO,理工,河北
青岛大学,省属重点大学 |卓越工程师教育培养计划（2011年） |卓越医生教育培养计划（2012年）|山东特色名校工程（2013年） ,综合类,山东
长春工业大学,卓越工程师教育培养计划[4] |中西部高校基础能力建设工程(二期)[1] |新工科研究与实践项目[5] |吉林省特色高水平应用研究型大学建设项目[6] ,理工,吉林
安徽理工大学,安徽省重点建设的特色高水平大学 |安徽省和国家安全生产监督管理总局共建高校（2014年）|国家中西部高校基础能力建设工程支持建设高校（2013年）|教育部“卓越工程师教育培养计划”实施高校（2011年）|首批“新工科”研究与实践项目入选高校（2018）,理工,安徽
天津工业大学,世界一流学科建设高校|教育部与天津市共建高校|国家国防科工局与天津市共建高校|天津市重点建设高校|卓越工程师教育培养计划（2012年）,理工,天津
青岛大学,省属重点大学 |卓越工程师教育培养计划（2011年） |卓越医生教育培养计划（2012年）|山东特色名校工程（2013年） ,综合类,山东
厦门理工学院,福建省重点建设高校（2013年）|卓越工程师教育培养计划（2011年）|福建省一流学科建设高校（2018年）|中国政府奖学金委托培养院校（2014年）|全国首批深化创新创业教育改革示范高校（2017年）,理工,福建
安徽工业大学,全日制普通高等学校|卓越工程师教育培养计划高校（2011年）|中西部高校基础能力建设工程（2013年）|省部联动支持高校（2016年）|全国深化创新创业教育改革示范高校（2017年）,理工,安徽
上海工程技术大学,卓越工程师教育培养计划 |上海高水平地方应用型高校建设单位 |全国地方高校新工科建设牵头单位 |长三角高水平特色地方高校创新联盟|新工科研究与实践项目,理工,上海
华北理工大学,未知,综合,河北
景德镇陶瓷大学,卓越工程师教育培养计划（2012年） |江西省首批转型发展试点高校（2015年）,"理工类
[5]",江西
西南石油大学,双一流（世界一流学科建设高校）（2017年）|111计划（2018年）|中西部高校基础能力建设工程|省部共建大学|中国政府奖学金来华留学生接收院校,理工类,四川
山东非金属材料研究所,未知,未知,山东
中科院新疆理化技术研究所,未知,未知,新疆
北京工商大学,未知,综合,北京
长江大学,省属重点本科高校|省部共建高校（2012年）|中西部高校基础能力建设工程（2012年）|卓越工程师教育培养计划（2012年）|卓越农林人才教育培养计划（2014年）,综合类,湖北
湖南农业大学,省部共建大学（2012年）|2011计划（2012年）|卓越农林人才教育培养计划（2013年）|中西部高校基础能力建设工程（2012年）|湖南省国内一流大学建设高校A类（2017年）,农林类,湖南
天津城建大学,未知,理工,河南
青岛大学,省属重点大学 |卓越工程师教育培养计划（2011年） |卓越医生教育培养计划（2012年）|山东特色名校工程（2013年） ,综合类,山东
上海师范大学,上海市教育综合改革部市共同支持高校 |教育部卓越教师培养计划实施院校|中国政府奖学金来华留学生接收院校 |高等学校学科创新引智计划（111计划）|上海市重点建设大学,师范（综合）,上海
北京工商大学,未知,综合,北京
北京工商大学,未知,综合,北京
北京工商大学,未知,综合,北京
北京工商大学,未知,综合,北京
哈尔滨工程大学,未知,理工类,黑龙江
东北石油大学,全国重点大学（1978年）|省部共建大学（2010年）|卓越工程师教育培养计划实施高校（2011年）|国家大学生创新性实验计划实施高校 （2008年）|特色重点学科项目建设高校（2010年）,理工类,黑龙江
上海电力学院,未知,理工类,上海
燕山大学,省部共建高校|北京高科大学联盟|卓越工程师教育培养计划|河北省“双一流”建设高校|全国重点大学,"综合性大学
[3]",河北
内蒙古工业大学,内蒙古自治区重点大学 |卓越工程师教育培养计划 ,理工,山西
华北理工大学,未知,综合,河北
石家庄铁道大学,全国重点大学|省部共建高校|中西部高校基础能力建设工程（2016年入选）|卓越工程师教育培养计划（2011年入选）|新工科研究与实践项目,理工科,河北
南昌航空大学,江西省人民政府与国家国防科技工业局共建高校（2010） |卓越工程师教育培养计划（2011）,理工类院校,江西
广东工业大学,广东省“211工程”|省属重点大学|广东省高水平大学（2015年入选）|广东省高水平理工科大学|国际设计艺术院校联盟（2014年入选）,理工,广东
天津科技大学,卓越工程师教育培养计划（2011年）|省属重点大学|特色重点学科项目（2012年）|新工科研究与实践项目（2018年）,理工,天津
福建农林大学,福建省重点建设高校（2003年）|农业部与福建省人民政府共建大学（2011）|国家林业局与福建省人民政府共建大学（2012）|福建省高水平大学建设高校（2014）|福建省一流大学建设高校（2018）,农林,福建
中国民用航空飞行学院,中央部属高校,工科,四川
燕山大学,省部共建高校|北京高科大学联盟|卓越工程师教育培养计划|河北省“双一流”建设高校|全国重点大学,"综合性大学
[3]",河北
湖州师范学院,市属普通高等院校,地方师范院校,浙江
北京工商大学,未知,综合,北京
北京工商大学,未知,综合,北京
北京工商大学,未知,综合,北京
福建农林大学,福建省重点建设高校（2003年）|农业部与福建省人民政府共建大学（2011）|国家林业局与福建省人民政府共建大学（2012）|福建省高水平大学建设高校（2014）|福建省一流大学建设高校（2018）,农林,福建
长春工业大学,卓越工程师教育培养计划[4] |中西部高校基础能力建设工程(二期)[1] |新工科研究与实践项目[5] |吉林省特色高水平应用研究型大学建设项目[6] ,理工,吉林
福建农林大学,福建省重点建设高校（2003年）|农业部与福建省人民政府共建大学（2011）|国家林业局与福建省人民政府共建大学（2012）|福建省高水平大学建设高校（2014）|福建省一流大学建设高校（2018）,农林,福建
哈尔滨工程大学,未知,理工类,黑龙江
辽宁石油化工大学,省属重点高校 |卓越工程师教育培养计划,工科,辽宁
北京石油化工学院,全日制普通高等本科院校|教育部CDIO工程教育改革试点高校（2007年）|教育部首批“卓越工程师教育培养计划”试点高校（2010年）|高水平运动员招生资格高校（2015年）|北京市深化创新创业教育改革示范高校（2017年）,理工,北京
河南理工大学,省属重点本科高校 |省部共建高校（2011年入选） |卓越工程师教育培养计划（2011年入选）|中西部高校基础能力建设工程（2012年入选） |新工科研究与实践项目（2018年入选） ,理工类,河南
燕山大学,省部共建高校|北京高科大学联盟|卓越工程师教育培养计划|河北省“双一流”建设高校|全国重点大学,"综合性大学
[3]",河北
南京工业大学,2011计划 |111计划|省部共建高校|江苏省重点建设高校|卓越工程师教育培养计划 ,理工,江苏
山东大学,双一流A类（2017年入选）|985工程（2001年入选）|211工程（1997年入选）|2011计划（2012年入选）|珠峰计划（2009年入选）,综合,山东
长江大学,省属重点本科高校|省部共建高校（2012年）|中西部高校基础能力建设工程（2012年）|卓越工程师教育培养计划（2012年）|卓越农林人才教育培养计划（2014年）,综合类,湖北
上海电力学院,未知,理工类,上海
长春工业大学,卓越工程师教育培养计划[4] |中西部高校基础能力建设工程(二期)[1] |新工科研究与实践项目[5] |吉林省特色高水平应用研究型大学建设项目[6] ,理工,吉林
杭州师范大学,卓越教师培养计划（卓越小学教师培养改革项目）|浙江省重点建设高校,师范类,浙江
广西民族大学,中西部高校基础能力建设工程（2012年）   |省部共建大学|省属重点大学|广西一流学科（2018年）,未知,广西
五邑大学,全日制普通本科院校|省市共建本科高校（2016年入选）|广东省高水平理工科大学建设高校（2017年入选）,综合,广东
温州大学,未知,综合类,浙江
西南科技大学,省部共建高校|西部重点建设十四所高校|四川省“双一流”建设计划|中西部高校基础能力建设工程|新工科研究与实践项目[7] ,理工,四川
北京工商大学,未知,综合,北京
南昌航空大学,江西省人民政府与国家国防科技工业局共建高校（2010） |卓越工程师教育培养计划（2011）,理工类院校,江西
沈阳化工大学,省部共建高校|辽宁省“双一流”重点建设高校|中西部高校基础能力建设工程|卓越工程师教育培养计划,理工类,辽宁
哈尔滨工程大学,未知,理工类,黑龙江
北京化工大学,双一流（世界一流学科建设高校）（2017年）|全国重点大学（1960年）|211工程（1996年）|985工程优势学科创新平台（2008年）|高等学校学科创新引智计划（2008年）,理工类,北京
华南师范大学,211工程|省属高水平大学|省部共建高校|双一流（世界一流学科建设高校）|国防生,师范类,广东
太原科技大学,省属本科高等学校|中西部高校基础能力建设工程[4] |新工科研究与实践项目|数据中国“百校工程”,工科,山西
东北石油大学,全国重点大学（1978年）|省部共建大学（2010年）|卓越工程师教育培养计划实施高校（2011年）|国家大学生创新性实验计划实施高校 （2008年）|特色重点学科项目建设高校（2010年）,理工类,黑龙江
太原理工大学,世界一流学科建设高校|211工程|卓越工程师教育培养计划|全国深化创新创业教育改革示范高校|国家“111”计划地方高校新建基地,理工,山西
上海应用技术大学,未知,综合类（应用型大学）,上海
五邑大学,全日制普通本科院校|省市共建本科高校（2016年入选）|广东省高水平理工科大学建设高校（2017年入选）,综合,广东
济南大学,省部共建大学|卓越工程师教育培养计划（2010年）|山东省首批应用型人才培养特色名校（2011年）|国家级工程实践教育中心共建高校（2012年）|111计划（2017年）,综合,山东
浙江科技学院,省属普通高校|卓越工程师教育培养计划（2010年）|卓越工程师教育培养计划2.0,理工类,浙江
西京学院,省一流民办高校,理工,陕西
福建农林大学,福建省重点建设高校（2003年）|农业部与福建省人民政府共建大学（2011）|国家林业局与福建省人民政府共建大学（2012）|福建省高水平大学建设高校（2014）|福建省一流大学建设高校（2018）,农林,福建
青岛大学,省属重点大学 |卓越工程师教育培养计划（2011年） |卓越医生教育培养计划（2012年）|山东特色名校工程（2013年） ,综合类,山东
燕山大学,省部共建高校|北京高科大学联盟|卓越工程师教育培养计划|河北省“双一流”建设高校|全国重点大学,"综合性大学
[3]",河北
太原理工大学,世界一流学科建设高校|211工程|卓越工程师教育培养计划|全国深化创新创业教育改革示范高校|国家“111”计划地方高校新建基地,理工,山西
南昌航空大学,江西省人民政府与国家国防科技工业局共建高校（2010） |卓越工程师教育培养计划（2011）,理工类院校,江西
长春工业大学,卓越工程师教育培养计划[4] |中西部高校基础能力建设工程(二期)[1] |新工科研究与实践项目[5] |吉林省特色高水平应用研究型大学建设项目[6] ,理工,吉林
长春工业大学,卓越工程师教育培养计划[4] |中西部高校基础能力建设工程(二期)[1] |新工科研究与实践项目[5] |吉林省特色高水平应用研究型大学建设项目[6] ,理工,吉林
长春工业大学,卓越工程师教育培养计划[4] |中西部高校基础能力建设工程(二期)[1] |新工科研究与实践项目[5] |吉林省特色高水平应用研究型大学建设项目[6] ,理工,吉林
青岛大学,省属重点大学 |卓越工程师教育培养计划（2011年） |卓越医生教育培养计划（2012年）|山东特色名校工程（2013年） ,综合类,山东
青岛农业大学,卓越农林人才教育培养计划（2014年）|山东特色名校工程（2012年）|山东省一流学科立项建设单位（2018年）,农林,山东
青岛科技大学,省属重点大学 |卓越工程师教育培养计划高校（2011年）|“山东特色名校工程”应用基础型特色名校重点建设大学|新工科研究与实践项目|卓越工程师教育培养计划2.0,理工类,山东
内蒙古工业大学,内蒙古自治区重点大学 |卓越工程师教育培养计划 ,理工,内蒙古
长春工业大学,卓越工程师教育培养计划[4] |中西部高校基础能力建设工程(二期)[1] |新工科研究与实践项目[5] |吉林省特色高水平应用研究型大学建设项目[6] ,理工,吉林
重庆工商大学,中央和地方共建|中西部高校基础能力建设工程（2013年）|卓越农林人才教育培养计划（2014年）,综合,重庆
山东大学,双一流A类（2017年入选）|985工程（2001年入选）|211工程（1997年入选）|2011计划（2012年入选）|珠峰计划（2009年入选）,综合,山东
南昌航空大学,江西省人民政府与国家国防科技工业局共建高校（2010） |卓越工程师教育培养计划（2011）,理工类院校,江西
江苏理工学院,省属大学,理工,江苏
大连工业大学,卓越工程师教育培养计划|卓越农林人才教育培养计划|2011计划,理工类,辽宁
中北大学,中国航天科技教育联盟(2019)|B8协同创新联盟(2018)|卓越工程师教育培养计划2.0（2018）|中西部高校基础能力建设工程(2013)|卓越工程师教育培养计划(2011),综合,山西
南昌航空大学,江西省人民政府与国家国防科技工业局共建高校（2010） |卓越工程师教育培养计划（2011）,理工类院校,江西
安徽工业大学,全日制普通高等学校|卓越工程师教育培养计划高校（2011年）|中西部高校基础能力建设工程（2013年）|省部联动支持高校（2016年）|全国深化创新创业教育改革示范高校（2017年）,理工,安徽
广州大学,中小学教师国家级培训计划|广州市高水平大学建设高校,综合,广东
江西科技师范大学,未知,师范类院校,江西
五邑大学,全日制普通本科院校|省市共建本科高校（2016年入选）|广东省高水平理工科大学建设高校（2017年入选）,综合,广东
江西科技师范大学,未知,师范类院校,江西
上海海事大学,省部共建大学 |卓越工程师教育培养计划|上海市深化创新创业教育改革示范高校,理工类,上海
江西理工大学,卓越工程师教育培养计划（2011）|省部共建大学（2013） |中西部高校基础能力建设工程（二期）（2016）|江西省一流学科建设高校（2017）[1] |省属重点大学,理工类院校,江西
北京石油化工学院,全日制普通高等本科院校|教育部CDIO工程教育改革试点高校（2007年）|教育部首批“卓越工程师教育培养计划”试点高校（2010年）|高水平运动员招生资格高校（2015年）|北京市深化创新创业教育改革示范高校（2017年）,理工,北京
湖南工业大学,国家工商行政管理总局与湖南省共建高校（2018年）|服务国家特殊需求博士人才培养项目（2013年）|湖南省2011计划（2014年）[3] |湖南省国内一流学科建设高校（2018年）[10] ,理工类,湖南
江西理工大学,卓越工程师教育培养计划（2011）|省部共建大学（2013） |中西部高校基础能力建设工程（二期）（2016）|江西省一流学科建设高校（2017）[1] |省属重点大学,理工类院校,江西
北京大学,世界一流大学和一流学科（2017年入选）|985工程（1998年入选）|211工程（1995年入选）|基础学科拔尖学生培养试验计划（2009年入选）|高等学校创新能力提升计划（2013年入选）,综合,北京
辽宁石油化工大学,省属重点高校 |卓越工程师教育培养计划,工科,辽宁
安徽农业大学,省属重点大学 |省部共建大学 |中西部高校基础能力建设工程 |卓越工程师教育培养计划2.0|卓越农林人才教育培养计划,农林,安徽
青岛大学,省属重点大学 |卓越工程师教育培养计划（2011年） |卓越医生教育培养计划（2012年）|山东特色名校工程（2013年） ,综合类,山东
华南师范大学,211工程|省属高水平大学|省部共建高校|双一流（世界一流学科建设高校）|国防生,师范类,广东
江苏大学,全国重点大学|省属重点大学|卓越工程师教育培养计划|省部共建大学[3] |卓越工程师教育培养计划2.0,综合、研究教学型大学,江苏
上海应用技术大学,未知,综合类（应用型大学）,上海
江苏大学,全国重点大学|省属重点大学|卓越工程师教育培养计划|省部共建大学[3] |卓越工程师教育培养计划2.0,综合、研究教学型大学,江苏
江西理工大学,卓越工程师教育培养计划（2011）|省部共建大学（2013） |中西部高校基础能力建设工程（二期）（2016）|江西省一流学科建设高校（2017）[1] |省属重点大学,理工类院校,江西
哈尔滨工程大学,未知,理工类,黑龙江
哈尔滨工程大学,未知,理工类,黑龙江
福建农林大学,福建省重点建设高校（2003年）|农业部与福建省人民政府共建大学（2011）|国家林业局与福建省人民政府共建大学（2012）|福建省高水平大学建设高校（2014）|福建省一流大学建设高校（2018）,农林,福建
福州大学,世界一流学科建设高校（2017年）|211工程（1997年） |福建省重点建设高校（2003年） |卓越工程师教育培养计划（2010年） |教育部、福建省人民政府共建高校（2012年） ,理工类,福建
华南师范大学,211工程|省属高水平大学|省部共建高校|双一流（世界一流学科建设高校）|国防生,师范类,广东
西华大学,省属重点大学|中西部高校基础能力建设工程（2013年） |四川2011计划（2013年）|四川省卓越工程师教育培养计划（2013年）|四川省“双一流”建设计划（2016年）,综合,四川
长春工业大学,卓越工程师教育培养计划[4] |中西部高校基础能力建设工程(二期)[1] |新工科研究与实践项目[5] |吉林省特色高水平应用研究型大学建设项目[6] ,理工,辽宁
吉林大学,双一流（世界一流大学A类建设高校）|985工程|211工程|21世纪学术联盟|中俄交通大学联盟,综合,吉林
上海应用技术大学,未知,综合类（应用型大学）,上海
天津理工大学,卓越工程师教育培养计划高校（2011）|高等学校学科创新引智计划（2017）|新工科研究与实践项目（2018）,理工,天津
重庆工商大学,中央和地方共建|中西部高校基础能力建设工程（2013年）|卓越农林人才教育培养计划（2014年）,综合,重庆
北京石油化工学院,全日制普通高等本科院校|教育部CDIO工程教育改革试点高校（2007年）|教育部首批“卓越工程师教育培养计划”试点高校（2010年）|高水平运动员招生资格高校（2015年）|北京市深化创新创业教育改革示范高校（2017年）,理工,北京
青岛大学,省属重点大学 |卓越工程师教育培养计划（2011年） |卓越医生教育培养计划（2012年）|山东特色名校工程（2013年） ,综合类,山东
中国矿业大学（徐州）,双一流（世界一流学科建设高校）     |211工程|985平台|111计划|全国重点大学,综合类,江苏
南京林业大学,省部共建大学（2000年） |省属重点大学 |卓越农林人才教育培养计划（2014年） |特色重点学科项目（2010年） |世界一流学科建设高校（2017年）,农林,江苏
燕山大学,省部共建高校|北京高科大学联盟|卓越工程师教育培养计划|河北省“双一流”建设高校|全国重点大学,"综合性大学
[3]",河北
大连工业大学,卓越工程师教育培养计划|卓越农林人才教育培养计划|2011计划,理工类,辽宁
华南师范大学,211工程|省属高水平大学|省部共建高校|双一流（世界一流学科建设高校）|国防生,师范类,广东
长春工业大学,卓越工程师教育培养计划[4] |中西部高校基础能力建设工程(二期)[1] |新工科研究与实践项目[5] |吉林省特色高水平应用研究型大学建设项目[6] ,理工,吉林
安徽工业大学,全日制普通高等学校|卓越工程师教育培养计划高校（2011年）|中西部高校基础能力建设工程（2013年）|省部联动支持高校（2016年）|全国深化创新创业教育改革示范高校（2017年）,理工,安徽
江苏大学,全国重点大学|省属重点大学|卓越工程师教育培养计划|省部共建大学[3] |卓越工程师教育培养计划2.0,综合、研究教学型大学,江苏
青岛大学,省属重点大学 |卓越工程师教育培养计划（2011年） |卓越医生教育培养计划（2012年）|山东特色名校工程（2013年） ,综合类,山东
中国矿业大学（徐州）,双一流（世界一流学科建设高校）     |211工程|985平台|111计划|全国重点大学,综合类,江苏
山东大学,双一流A类（2017年入选）|985工程（2001年入选）|211工程（1997年入选）|2011计划（2012年入选）|珠峰计划（2009年入选）,综合,山东
辽宁科技大学,辽宁省一流大学重点建设高校（2017年）|教育部卓越工程师教育培养计划高校（2011年）|省属重点本科高校,理工,辽宁
石家庄铁道大学,全国重点大学|省部共建高校|中西部高校基础能力建设工程（2016年入选）|卓越工程师教育培养计划（2011年入选）|新工科研究与实践项目,理工科,河北
中国地质大学（北京）,211工程、985平台、111计划|世界一流学科建设高校|卓越工程师教育培养计划,公立大学,北京
沈阳铸造研究所,未知,未知,辽宁
机械科学研究院哈尔滨焊接研究所,未知,未知,黑龙江
上海船舶电子设备研究所,未知,未知,上海
北京有色金属研究总院,未知,中央企业,北京
辽宁石油化工大学,省属重点高校 |卓越工程师教育培养计划,工科,辽宁
北京航空航天大学,211工程（1997年入选）|985工程（2001年入选）|世界一流大学建设高校A类（2017年入选）|珠峰计划（2011年入选）|中欧精英大学联盟,理工,北京
沈阳化工大学,省部共建高校|辽宁省“双一流”重点建设高校|中西部高校基础能力建设工程|卓越工程师教育培养计划,理工类,辽宁
中国地质大学（武汉）,双一流（世界一流学科建设高校）|全国重点大学|211工程|985平台|卓越工程师教育培养计划,理工类,湖北
中国航天空气动力技术研究院,未知,未知,北京
长春工业大学,卓越工程师教育培养计划[4] |中西部高校基础能力建设工程(二期)[1] |新工科研究与实践项目[5] |吉林省特色高水平应用研究型大学建设项目[6] ,理工,吉林
上海工程技术大学,卓越工程师教育培养计划 |上海高水平地方应用型高校建设单位 |全国地方高校新工科建设牵头单位 |长三角高水平特色地方高校创新联盟|新工科研究与实践项目,理工,上海
江西理工大学,卓越工程师教育培养计划（2011）|省部共建大学（2013） |中西部高校基础能力建设工程（二期）（2016）|江西省一流学科建设高校（2017）[1] |省属重点大学,理工类院校,河南
青岛大学,省属重点大学 |卓越工程师教育培养计划（2011年） |卓越医生教育培养计划（2012年）|山东特色名校工程（2013年） ,综合类,山东
燕山大学,省部共建高校|北京高科大学联盟|卓越工程师教育培养计划|河北省“双一流”建设高校|全国重点大学,"综合性大学
[3]",河北
江苏科技大学,江苏省重点建设高校|教育部卓越工程师教育培养计划高校|国家国防科技工业局与江苏省人民政府共建高校|江苏省人民政府与中国船舶工业集团公司、中国船舶重工集团公司共建高校,理工,江苏
长春工业大学,卓越工程师教育培养计划[4] |中西部高校基础能力建设工程(二期)[1] |新工科研究与实践项目[5] |吉林省特色高水平应用研究型大学建设项目[6] ,理工,吉林
辽宁石油化工大学,省属重点高校 |卓越工程师教育培养计划,工科,辽宁
燕山大学,省部共建高校|北京高科大学联盟|卓越工程师教育培养计划|河北省“双一流”建设高校|全国重点大学,"综合性大学
[3]",河北
辽宁工程技术大学,全国重点大学|省部共建大学|卓越工程师教育培养计划|中西部高校基础能力建设工程|国家大学生创新性实验计划,理工,辽宁
上海师范大学,上海市教育综合改革部市共同支持高校 |教育部卓越教师培养计划实施院校|中国政府奖学金来华留学生接收院校 |高等学校学科创新引智计划（111计划）|上海市重点建设大学,师范（综合）,上海
天津师范大学,省属重点大学 |卓越教师培养计划（2014年） |特色重点学科项目（2010年）|教育部来华留学示范基地（2013年）|新工科研究与实践项目（2018年） ,师范类（综合）,天津
燕山大学,省部共建高校|北京高科大学联盟|卓越工程师教育培养计划|河北省“双一流”建设高校|全国重点大学,"综合性大学
[3]",河北
辽宁石油化工大学,省属重点高校 |卓越工程师教育培养计划,工科,辽宁
沈阳化工大学,省部共建高校|辽宁省“双一流”重点建设高校|中西部高校基础能力建设工程|卓越工程师教育培养计划,理工类,辽宁
辽宁石油化工大学,省属重点高校 |卓越工程师教育培养计划,工科,辽宁
福建农林大学,福建省重点建设高校（2003年）|农业部与福建省人民政府共建大学（2011）|国家林业局与福建省人民政府共建大学（2012）|福建省高水平大学建设高校（2014）|福建省一流大学建设高校（2018）,农林,福建
燕山大学,省部共建高校|北京高科大学联盟|卓越工程师教育培养计划|河北省“双一流”建设高校|全国重点大学,"综合性大学
[3]",河北
兰州交通大学,省部共建高校 |中西部高校基础能力建设工程（2012年入选）|原铁道部重点高校|卓越工程师教育培养计划（2011年入选）|中国政府奖学金来华留学生接收院校,理工类,甘肃
渤海大学,普通本科院校,综合类大学,辽宁
江西科技师范大学,未知,师范类院校,江西
南京工业大学,2011计划 |111计划|省部共建高校|江苏省重点建设高校|卓越工程师教育培养计划 ,理工,江苏
燕山大学,省部共建高校|北京高科大学联盟|卓越工程师教育培养计划|河北省“双一流”建设高校|全国重点大学,"综合性大学
[3]",河北
太原理工大学,世界一流学科建设高校|211工程|卓越工程师教育培养计划|全国深化创新创业教育改革示范高校|国家“111”计划地方高校新建基地,理工,山西
大连医科大学,中西部高校基础能力建设工程（2013年5月入选）|卓越医生教育培养计划（2013年10月入选）|辽宁省一流大学重点建设高校（2017年入选）,医药类,辽宁
长春工业大学,卓越工程师教育培养计划[4] |中西部高校基础能力建设工程(二期)[1] |新工科研究与实践项目[5] |吉林省特色高水平应用研究型大学建设项目[6] ,理工,吉林
北京化工大学,双一流（世界一流学科建设高校）（2017年）|全国重点大学（1960年）|211工程（1996年）|985工程优势学科创新平台（2008年）|高等学校学科创新引智计划（2008年）,理工类,北京
西南科技大学,省部共建高校|西部重点建设十四所高校|四川省“双一流”建设计划|中西部高校基础能力建设工程|新工科研究与实践项目[7] ,理工,四川
青岛科技大学,省属重点大学 |卓越工程师教育培养计划高校（2011年）|“山东特色名校工程”应用基础型特色名校重点建设大学|新工科研究与实践项目|卓越工程师教育培养计划2.0,理工类,山东
南京工业大学,2011计划 |111计划|省部共建高校|江苏省重点建设高校|卓越工程师教育培养计划 ,理工,江苏
中北大学,中国航天科技教育联盟(2019)|B8协同创新联盟(2018)|卓越工程师教育培养计划2.0（2018）|中西部高校基础能力建设工程(2013)|卓越工程师教育培养计划(2011),综合,山西
哈尔滨工程大学,未知,理工类,黑龙江
江西科技师范大学,未知,师范类院校,江西
长春工业大学,卓越工程师教育培养计划[4] |中西部高校基础能力建设工程(二期)[1] |新工科研究与实践项目[5] |吉林省特色高水平应用研究型大学建设项目[6] ,理工,吉林
桂林电子科技大学,省部共建高校（工业和信息化部、国家国防科技工业局与广西壮族自治区人民政府共建）|卓越工程师教育培养计划|中西部高校基础能力建设工程|首批高等学校科技成果转化和技术转移基地|新工科研究与实践项目,理工类,广西
河南理工大学,省属重点本科高校 |省部共建高校（2011年入选） |卓越工程师教育培养计划（2011年入选）|中西部高校基础能力建设工程（2012年入选） |新工科研究与实践项目（2018年入选） ,理工类,河南
齐齐哈尔大学,黑龙江省高教强省重点建设高校（2008年入选）|黑龙江省高水平大学（2018年入选）,综合类,黑龙江
青岛大学,省属重点大学 |卓越工程师教育培养计划（2011年） |卓越医生教育培养计划（2012年）|山东特色名校工程（2013年） ,综合类,山东
燕山大学,省部共建高校|北京高科大学联盟|卓越工程师教育培养计划|河北省“双一流”建设高校|全国重点大学,"综合性大学
[3]",河北
燕山大学,省部共建高校|北京高科大学联盟|卓越工程师教育培养计划|河北省“双一流”建设高校|全国重点大学,"综合性大学
[3]",河北
辽宁工程技术大学,全国重点大学|省部共建大学|卓越工程师教育培养计划|中西部高校基础能力建设工程|国家大学生创新性实验计划,理工,辽宁
太原理工大学,世界一流学科建设高校|211工程|卓越工程师教育培养计划|全国深化创新创业教育改革示范高校|国家“111”计划地方高校新建基地,理工,山西
山东科技大学,山东省属重点高校|省部共建高校[5] |卓越计划|新工科研究与实践项目|国家111计划,理工,山东
沈阳化工大学,省部共建高校|辽宁省“双一流”重点建设高校|中西部高校基础能力建设工程|卓越工程师教育培养计划,理工类,辽宁
山东大学,双一流A类（2017年入选）|985工程（2001年入选）|211工程（1997年入选）|2011计划（2012年入选）|珠峰计划（2009年入选）,综合,山东
中国航空研究院623所,未知,未知,陕西
中钢集团马鞍山矿山研究院,未知,未知,安徽
机械科学研究总院,未知,国有企业,北京
北京机电研究所,未知,未知,北京
广西大学,双一流（世界一流学科建设高校）（2017年）|211工程（1999年）| 省部共建高校（2004年）  |卓越工程师教育培养计划（2011年）|中西部高校综合实力提升工程（2012年）,综合类,广西
哈尔滨工程大学,未知,理工类,黑龙江
沈阳化工大学,省部共建高校|辽宁省“双一流”重点建设高校|中西部高校基础能力建设工程|卓越工程师教育培养计划,理工类,辽宁
沈阳化工大学,省部共建高校|辽宁省“双一流”重点建设高校|中西部高校基础能力建设工程|卓越工程师教育培养计划,理工类,辽宁
厦门理工学院,福建省重点建设高校（2013年）|卓越工程师教育培养计划（2011年）|福建省一流学科建设高校（2018年）|中国政府奖学金委托培养院校（2014年）|全国首批深化创新创业教育改革示范高校（2017年）,理工,福建
燕山大学,省部共建高校|北京高科大学联盟|卓越工程师教育培养计划|河北省“双一流”建设高校|全国重点大学,"综合性大学
[3]",河北
南京航空航天大学,世界一流学科建设高校（2017年入选）|省部共建大学|中俄交通大学联盟|全国重点大学（1978年入选）|211工程（1997年入选）,理工,江苏
哈尔滨工程大学,未知,理工类,黑龙江
南京航空航天大学,世界一流学科建设高校（2017年入选）|省部共建大学|中俄交通大学联盟|全国重点大学（1978年入选）|211工程（1997年入选）,理工,江苏
沈阳工业大学,卓越工程师教育培养计划（2011） |辽宁省一流大学重点建设高校[4] |新工科研究与实践项目|卓越工程师教育培养计划2.0,理工,辽宁
沈阳工业大学,卓越工程师教育培养计划（2011） |辽宁省一流大学重点建设高校[4] |新工科研究与实践项目|卓越工程师教育培养计划2.0,理工,辽宁
西安石油大学,省部共建高校|陕西省省属高水平大学|卓越工程师教育培养计划,理工,陕西
北京化工大学,双一流（世界一流学科建设高校）（2017年）|全国重点大学（1960年）|211工程（1996年）|985工程优势学科创新平台（2008年）|高等学校学科创新引智计划（2008年）,理工类,北京
中国矿业大学（徐州）,双一流（世界一流学科建设高校）     |211工程|985平台|111计划|全国重点大学,综合类,江苏
江西师范大学,全日制普通本科院校 |江西省人民政府、教育部共建高校（2012）|中西部高校基础能力建设工程（2012）|江西省一流学科建设高校（2017）[2] |省属重点大学,师范类院校（综合）,江西
山东大学,双一流A类（2017年入选）|985工程（2001年入选）|211工程（1997年入选）|2011计划（2012年入选）|珠峰计划（2009年入选）,综合,山东
华北理工大学,未知,综合,河北
大连医科大学,中西部高校基础能力建设工程（2013年5月入选）|卓越医生教育培养计划（2013年10月入选）|辽宁省一流大学重点建设高校（2017年入选）,医药类,辽宁
沈阳化工大学,省部共建高校|辽宁省“双一流”重点建设高校|中西部高校基础能力建设工程|卓越工程师教育培养计划,理工类,辽宁
南京航空航天大学,世界一流学科建设高校（2017年入选）|省部共建大学|中俄交通大学联盟|全国重点大学（1978年入选）|211工程（1997年入选）,理工,江苏
燕山大学,省部共建高校|北京高科大学联盟|卓越工程师教育培养计划|河北省“双一流”建设高校|全国重点大学,"综合性大学
[3]",河北
北京工商大学,未知,综合,北京
北京化工大学,双一流（世界一流学科建设高校）（2017年）|全国重点大学（1960年）|211工程（1996年）|985工程优势学科创新平台（2008年）|高等学校学科创新引智计划（2008年）,理工类,北京
燕山大学,省部共建高校|北京高科大学联盟|卓越工程师教育培养计划|河北省“双一流”建设高校|全国重点大学,"综合性大学
[3]",河北
江苏海洋大学,未知,理工,江苏
沈阳化工大学,省部共建高校|辽宁省“双一流”重点建设高校|中西部高校基础能力建设工程|卓越工程师教育培养计划,理工类,辽宁
辽宁科技大学,辽宁省一流大学重点建设高校（2017年）|教育部卓越工程师教育培养计划高校（2011年）|省属重点本科高校,理工,辽宁
南京林业大学,省部共建大学（2000年） |省属重点大学 |卓越农林人才教育培养计划（2014年） |特色重点学科项目（2010年） |世界一流学科建设高校（2017年）,农林,江苏
安徽工业大学,全日制普通高等学校|卓越工程师教育培养计划高校（2011年）|中西部高校基础能力建设工程（2013年）|省部联动支持高校（2016年）|全国深化创新创业教育改革示范高校（2017年）,理工,安徽
沈阳理工大学,辽宁省人民政府与中国兵器装备集团、中国兵器工业集团共建高校（2010年）|卓越工程师教育培养计划试点高校（2011年）|中华人民共和国国家国防科技工业局与辽宁省人民政府共建高校（2016年）|中国政府奖学金来华留学生招收院校,理工,辽宁
中国矿业大学（徐州）,双一流（世界一流学科建设高校）     |211工程|985平台|111计划|全国重点大学,综合类,江苏
内蒙古科技大学,省属重点大学 |卓越工程师教育培养计划（2011年）|中西部高校基础能力建设工程（二期）[1] |全国知识产权试点单位|新工科研究与实践项目,综合类,内蒙古
大连工业大学,卓越工程师教育培养计划|卓越农林人才教育培养计划|2011计划,理工类,辽宁
赣南师范大学,全日制普通本科高校|江西省一流学科建设高校（2017）,师范类院校,江西
哈尔滨工程大学,未知,理工类,黑龙江
福建农林大学,福建省重点建设高校（2003年）|农业部与福建省人民政府共建大学（2011）|国家林业局与福建省人民政府共建大学（2012）|福建省高水平大学建设高校（2014）|福建省一流大学建设高校（2018）,农林,福建
上海应用技术大学,未知,综合类（应用型大学）,上海
大连海事大学,双一流（世界一流学科建设高校）|中央部属高校|211工程|111计划|卓越工程师教育培养计划,理工类,辽宁
沈阳化工大学,省部共建高校|辽宁省“双一流”重点建设高校|中西部高校基础能力建设工程|卓越工程师教育培养计划,理工类,辽宁
沈阳理工大学,辽宁省人民政府与中国兵器装备集团、中国兵器工业集团共建高校（2010年）|卓越工程师教育培养计划试点高校（2011年）|中华人民共和国国家国防科技工业局与辽宁省人民政府共建高校（2016年）|中国政府奖学金来华留学生招收院校,理工,辽宁
江苏师范大学,省部共建高校|省属重点大学|教育部、财政部“国培计划”实施高校|江苏高水平大学建设高校|教育部“卓越教师培养计划”实施高校,综合师范类,江苏
山东大学,双一流A类（2017年入选）|985工程（2001年入选）|211工程（1997年入选）|2011计划（2012年入选）|珠峰计划（2009年入选）,综合,山东
延安大学,省部共建高校（2005年）|陕西省省属高水平大学（2011年）|省属重点大学（1998年）,综合,陕西
天津理工大学,卓越工程师教育培养计划高校（2011）|高等学校学科创新引智计划（2017）|新工科研究与实践项目（2018）,理工,天津
上海电力学院,未知,理工类,北京
上海科技大学,未知,理工,上海
青岛科技大学,省属重点大学 |卓越工程师教育培养计划高校（2011年）|“山东特色名校工程”应用基础型特色名校重点建设大学|新工科研究与实践项目|卓越工程师教育培养计划2.0,理工类,山东
辽宁工程技术大学,全国重点大学|省部共建大学|卓越工程师教育培养计划|中西部高校基础能力建设工程|国家大学生创新性实验计划,理工,辽宁
辽宁石油化工大学,省属重点高校 |卓越工程师教育培养计划,工科,辽宁
大连海洋大学,省部共建大学|卓越农林人才教育培养计划（2014年10月入选）|辽宁省一流大学重点建设高校（2017年1月入选）,农林类,辽宁
沈阳铸造研究所,未知,未知,辽宁
哈尔滨工程大学,未知,理工类,黑龙江
山西农业大学,中西部高校基础能力建设工程（2016年）|省部共建高校（2012年）|卓越农林人才教育培养计划（2014年）|全国重点大学（1979年）|山西省高等教育综合改革试点高校（2016  年）,农林,山西
西京学院,省一流民办高校,理工,陕西
辽宁石油化工大学,省属重点高校 |卓越工程师教育培养计划,工科,辽宁
新疆大学,双一流（2017年入选）|211工程（1997年入选）|部省合作共建高校（2018年入选）|省部共建高校（2004年入选）|中西部高校综合实力提升工程（2012年入选）,综合,新疆
中南林业科技大学,省部共建大学|中西部高校基础能力建设工程|省属重点大学|卓越农林人才教育培养计划 |湖南省2011计划,农林,湖南
石河子大学,世界一流学科建设高校（2017年9月入选）|部省合作共建高校|211工程（2008年12月入选）|中西部高校综合实力提升工程（2012年入选）|中西部高校基础能力建设工程（2012年入选）,综合,新疆
安徽理工大学,安徽省重点建设的特色高水平大学 |安徽省和国家安全生产监督管理总局共建高校（2014年）|国家中西部高校基础能力建设工程支持建设高校（2013年）|教育部“卓越工程师教育培养计划”实施高校（2011年）|首批“新工科”研究与实践项目入选高校（2018）,理工,安徽
西京学院,省一流民办高校,理工,陕西
沈阳工业大学,卓越工程师教育培养计划（2011） |辽宁省一流大学重点建设高校[4] |新工科研究与实践项目|卓越工程师教育培养计划2.0,理工,辽宁
太原理工大学,世界一流学科建设高校|211工程|卓越工程师教育培养计划|全国深化创新创业教育改革示范高校|国家“111”计划地方高校新建基地,理工,山西
哈尔滨理工大学,省部共建高校 |卓越工程师教育培养计划 |中西部高校基础能力建设工程 |国家特色重点学科项目建设高校|省属重点大学,理工,黑龙江
山东理工大学,省部共建高校|研究生推免资格高校|卓越工程师教育培养计划实施高校|山东省一流学科立项建设高校|山东省应用型人才培养特色名校立项建设单位,理工,山东
燕山大学,省部共建高校|北京高科大学联盟|卓越工程师教育培养计划|河北省“双一流”建设高校|全国重点大学,"综合性大学
[3]",河北
西南科技大学,省部共建高校|西部重点建设十四所高校|四川省“双一流”建设计划|中西部高校基础能力建设工程|新工科研究与实践项目[7] ,理工,四川
大连工业大学,卓越工程师教育培养计划|卓越农林人才教育培养计划|2011计划,理工类,辽宁
青岛农业大学,卓越农林人才教育培养计划（2014年）|山东特色名校工程（2012年）|山东省一流学科立项建设单位（2018年）,农林,山东
青岛科技大学,省属重点大学 |卓越工程师教育培养计划高校（2011年）|“山东特色名校工程”应用基础型特色名校重点建设大学|新工科研究与实践项目|卓越工程师教育培养计划2.0,理工类,山东
大连工业大学,卓越工程师教育培养计划|卓越农林人才教育培养计划|2011计划,理工类,辽宁
山东大学,双一流A类（2017年入选）|985工程（2001年入选）|211工程（1997年入选）|2011计划（2012年入选）|珠峰计划（2009年入选）,综合,山东
青岛大学,省属重点大学 |卓越工程师教育培养计划（2011年） |卓越医生教育培养计划（2012年）|山东特色名校工程（2013年） ,综合类,山东
上海船舶运输科学研究所,未知,科技型企业,上海
青岛大学,省属重点大学 |卓越工程师教育培养计划（2011年） |卓越医生教育培养计划（2012年）|山东特色名校工程（2013年） ,综合类,未知
厦门理工学院,福建省重点建设高校（2013年）|卓越工程师教育培养计划（2011年）|福建省一流学科建设高校（2018年）|中国政府奖学金委托培养院校（2014年）|全国首批深化创新创业教育改革示范高校（2017年）,理工,未知
哈尔滨工程大学,未知,理工类,未知
涉外办学,未知,未知,北京
涉外办学,未知,未知,北京
江苏自动化研究所,未知,未知,江苏
中北大学,中国航天科技教育联盟(2019)|B8协同创新联盟(2018)|卓越工程师教育培养计划2.0（2018）|中西部高校基础能力建设工程(2013)|卓越工程师教育培养计划(2011),综合,山西
哈尔滨工程大学,未知,理工类,黑龙江
山东大学,双一流A类（2017年入选）|985工程（2001年入选）|211工程（1997年入选）|2011计划（2012年入选）|珠峰计划（2009年入选）,综合,山东
辽宁石油化工大学,省属重点高校 |卓越工程师教育培养计划,工科,辽宁
辽宁工程技术大学,全国重点大学|省部共建大学|卓越工程师教育培养计划|中西部高校基础能力建设工程|国家大学生创新性实验计划,理工,辽宁
西华大学,省属重点大学|中西部高校基础能力建设工程（2013年） |四川2011计划（2013年）|四川省卓越工程师教育培养计划（2013年）|四川省“双一流”建设计划（2016年）,综合,四川
东华大学,世界一流学科建设高校（2017）|全国重点大学（1960）|211工程（1995）|卓越工程师教育培养计划（2010） |111计划（2007）,综合,上海
武汉邮电科学研究院,未知,未知,湖北
西华大学,省属重点大学|中西部高校基础能力建设工程（2013年） |四川2011计划（2013年）|四川省卓越工程师教育培养计划（2013年）|四川省“双一流”建设计划（2016年）,综合,四川
山东大学,双一流A类（2017年入选）|985工程（2001年入选）|211工程（1997年入选）|2011计划（2012年入选）|珠峰计划（2009年入选）,综合,山东
长春工业大学,卓越工程师教育培养计划[4] |中西部高校基础能力建设工程(二期)[1] |新工科研究与实践项目[5] |吉林省特色高水平应用研究型大学建设项目[6] ,理工,吉林
哈尔滨师范大学,省属重点大学|卓越教师培养计划|中西部高校基础能力建设工程[4] ,师范,黑龙江
南京中医药大学,省部共建大学、省属重点大学|“双一流”世界一流学科建设高校|江苏省高水平大学建设高校|世界一流中医药大学建设联盟|长三角医学教育联盟,医药,江苏
东北农业大学,双一流（世界一流学科建设高校）（2017年入选）|省部共建高校|211工程（1996年入选）|中西部高校基础能力建设工程（2013年入选）|卓越农林人才教育培养计划（2014年入选）,农林类,黑龙江
赣南医学院,卓越医生教育培养计划（2012） |江西省一流学科建设高校（2017）,医药类院校,江西
云南警官学院,普通高等院校[1] ,政法类,云南
南京中医药大学,省部共建大学、省属重点大学|“双一流”世界一流学科建设高校|江苏省高水平大学建设高校|世界一流中医药大学建设联盟|长三角医学教育联盟,医药,江苏
上海中医药大学,教育部与上海市共建高校 |“双一流”世界一流学科建设高校|上海市属重点建设高校|中国政府奖学金来华留学生接收院校|高等学校学科创新引智计划（111计划）,医药类,上海
哈尔滨师范大学,省属重点大学|卓越教师培养计划|中西部高校基础能力建设工程[4] ,师范,黑龙江
山西医科大学,省属重点本科高校|中西部高校基础能力建设工程（2011年）|特色重点学科项目建设高校（2011年） |卓越医生教育培养计划项目试点高校（2012年）|数据中国“百校工程”（2016年）[1] ,医药类,山西
北京中医药大学,世界一流学科建设高校（2017年入选）|全国重点大学|教育部直属高校、省部共建高校|211工程（1996年入选）|985工程优势学科创新平台（2011年入选）,医药类,北京
天津师范大学,省属重点大学 |卓越教师培养计划（2014年） |特色重点学科项目（2010年）|教育部来华留学示范基地（2013年）|新工科研究与实践项目（2018年） ,师范类（综合）,天津
天津科技大学,卓越工程师教育培养计划（2011年）|省属重点大学|特色重点学科项目（2012年）|新工科研究与实践项目（2018年）,理工,天津
中国刑事警察学院,公安部直属大学,公安政法,辽宁
中国人民解放军国防大学,未知,军事指挥院校,北京
